Wine and Vintage,Vintage,Price per Bottle (ZAR),RATING,Category,Second Category
Omstaan Rooi Muskadel XO (Orange River) (500ml),NA,102,"95/100, PG 2023",Dessert Wine - Fortified,Dessert
Overgaauw Cape Vintage 1998 (Port),1998,490,"95/100, PG 2023","Port, Sherry",Fortified 
Boplaas Colheita Cape Tawny 2007 (Port),2007,750,"Best in Class, NWC 2023","Port, Sherry",Fortified 
Boschendal Jean Le Long Prestige Cuvée Blanc de Blancs 2012 (MCC),2012,1100,"Gold, GWC 2023",MCC,Sparkling
Bon Courage Jacques Bruére Blanc de Blancs 2012 (MCC),2012,245,"D Gold, VA 2023",MCC,Sparkling
Eikendal Cabernet Sauvignon 2013,2013,500,"97/100, TWS 2023",Cabernet Sauvignon,Red
Bosman Optenhorst Chenin Blanc 2013,2013,415,"97/100, TWS 2023",Chenin Blanc,White
Le Lude Agrafé Brut Reserve 2013 (MCC),2013,1200,"96/100, PG 2023",MCC,Sparkling
Weltevrede Philip Jonker The Ring Brut 2013 (MCC),2013,276,"D Gold, CCC 2023",MCC,Sparkling
Spier Brut RD 2013 (MCC),2013,395,"95/100, PG 2023",MCC,Sparkling
Bon Courage Jacques Bruére Brut Reserve 2014 (MCC),2014,245,"Top 100, NWC 2023",MCC,Sparkling
Waterford Cabernet Sauvignon 2015,2015,356,"D Gold, GWC 2023",Cabernet Sauvignon,Red
Moveable Feast (Bruce Jack) 2015 (Red Blend),2015,180,"93/100, TWS 2023",Red Blends,Red Blends
Waterford Jem 2015 (Red Blend),2015,2000,"94/100, G&G 2023",Red Blends,Red Blends
Quoin Rock Black Series Cap Classique 2015 (MCC),2015,1200,"96/100, DWA 2023",MCC,Sparkling
Desiderius Pongrácz (Heineken) 2015 (MCC),2015,550,"D Gold, CCC 2023",MCC,Sparkling
Neil Ellis Jonkershoek Cabernet Sauvignon 2016,2016,520,"94/100, IWSC 2023",Cabernet Sauvignon,Red
Bloemendal Semillon 2016,2016,210,"97/100, TWS 2023",Semillon,White
Bloemendal Tyger Syrah 2016,2016,255,"96/100, TWS 2023",Shiraz / Syrah,Red
Villiera Monro Brut 2016 (MCC),2016,381,"D Gold, VA 2023",MCC,Sparkling
Boschendal Grande Cuvée Brut 2016 (MCC),2016,400,"Gold, MV 2023",MCC,Sparkling
Newstead Brut Blanc de Blanc 2016 (MCC),2016,450,"Best in Class, CCC 2023",MCC,Sparkling
Joubert-Tradauw Cabernet Franc Reserve 2017,2017,490,"Gold, CFC 2023",Cabernet Franc,Red
Leeu Passant Radicales Libres 2017 (Chardonnay),2017,850,"95/100, PG 2023",Chardonnay,White
Fleur du Cap Unfiltered Merlot (Heineken) 2017,2017,205,"Gold, CM 2023",Merlot,Red
Kanonkop Pinotage 2017,2017,450,"Top 10, T10P 2023",Pinotage,Red
Flagstone Time Manner Place Pinotage 2017,2017,900,"97/100, PG 2023",Pinotage,Red
Stettyn Cape Vintage 2017 (Port),2017,120,"N Winner, SAT 2023","Port, Sherry",Fortified 
Glenelly Estate Reserve 2017 (Red Blend),2017,340,"Gold, GWC 2023",Red Blends,Red Blends
Vondeling Philosophie 2017 (Red Blend),2017,1075,"Gold, GWC 2023",Red Blends - Bordeaux Style,Red Blends
Glenelly Lady May 2017 (Red Blend),2017,695,"95/100, G&G 2023",Red Blends - Bordeaux Style,Red Blends
Vergelegen G.V.B Red 2017,2017,750,"94/100, IWSC 2023",Red Blends - Bordeaux Style,Red Blends
Ernie Els Signature 2017 (Red Blend),2017,875,"95/100, DWA 2023",Red Blends - Bordeaux Style,Red Blends
Stellenbosch Hills Suikerboschrand Cape Blend 2017,2017,425,"Top 6, PCB 2023",Red Blends - Cape Blend,Red Blends
Flagstone Velvet 2017 (Red Blend),2017,750,"Top 3 Blends, SSA 2023",Red Blends - Rhone Style,Red Blends
Bloemendal Suider Terras Sauvignon Blanc 2017,2017,340,"Top 20, ST10 2023",Sauvignon Blanc,White
Bloemendal Semillon 2017,2017,210,"D Gold, VA 2023",Semillon,White
Quoin Rock Black Series Cap Classique 2017 (MCC),2017,1200,"Gold, CM 2023",MCC,Sparkling
Laborie Blanc de Blancs (KWV) 2017 (MCC),2017,169,"D Gold, VA 2023",MCC,Sparkling
Kay & Monty Champu Blanc de Blanc 2017 (MCC),2017,245,"93/100, G&G 2023",MCC,Sparkling
Des Dieux Claudia Brut 2017 (MCC),2017,272,"Best in Class, CCC 2023",MCC,Sparkling
Silverthorn Green Man Brut 2017 (MCC),2017,345,"95/100, PG 2023",MCC,Sparkling
Babylonstoren Sprankel 2017 (MCC),2017,635,"Top 100, NWC 2023",MCC,Sparkling
Graham Beck Cuvée Clive 2017 (MCC),2017,970,"Wine of the Yr, NWC 2023",MCC,Sparkling
Bloemendal Kanonberg 2017 (White Blend),2017,210,"93/100, WM 2023",White Blends Bordeaux Style,White Blends
Stellenbosch Vineyards Flagship Cabernet Franc 2018,2018,650,"D Gold, VA 2023",Cabernet Franc,Red
Simonsig Garland 2018 (Cabernet Sauvignon),2018,1665,"94/100, G&G 2023",Cabernet Sauvignon,Red
Brampton Roxton Black Cabernet Sauvignon 2018,2018,190,"Gold, MV 2023",Cabernet Sauvignon,Red
Stellekaya Cabernet Sauvignon 2018,2018,199,"94/100, G&G 2023",Cabernet Sauvignon,Red
La Cave Cabernet Sauvignon (Wellington Wines) 2018,2018,220,"D Gold, VA 2023",Cabernet Sauvignon,Red
Ernie Els Major Series Cabernet Sauvignon 2018,2018,250,"95/100, G&G 2023",Cabernet Sauvignon,Red
Alto Cabernet Sauvignon 2018,2018,275,"Gold, MV 2023",Cabernet Sauvignon,Red
Bartinney Cabernet Sauvignon 2018,2018,320,"95/100, G&G 2023",Cabernet Sauvignon,Red
Nederburg Private Bin Two Centuries Cabernet Sauvignon 2018,2018,435,"D Gold, GWC 2023",Cabernet Sauvignon,Red
Bartinney Skyfall Cabernet Sauvignon 2018,2018,495,"94/100, G&G 2023",Cabernet Sauvignon,Red
Erika Obermeyer Cabernet Sauvignon 2018,2018,745,"D Gold, GWC 2023",Cabernet Sauvignon,Red
Peter Falke Kailani 2018 (Cabernet Sauvignon),2018,750,"93/100, TWS 2023",Cabernet Sauvignon,Red
Mont Rochelle Miko Chardonnay 2018,2018,400,"Trophy, IWSC 2023",Chardonnay,White
Doolhof Riviersteen Chenin Blanc 2018,2018,999,"95/100, DM 2023",Chenin Blanc,White
Glen Carlou Collection Malbec 2018,2018,390,"Gold, MC 2023",Malbec,Red
Meinert Merlot 2018,2018,203,"N Winner, SAT 2023",Merlot,Red
Uva Mira The Mira Merlot 2018,2018,250,"Gold, MV 2023",Merlot,Red
Doolhof Single Vineyard Merlot 2018,2018,295,"Top 20, T10M 2023",Merlot,Red
Stellenbosch Vineyards Flagship Petit Verdot 2018,2018,550,"Best in Class, NWC 2023",Petit Verdot,Red
Paul Cluver Seven Flags Pinot Noir 2018,2018,950,"Best in Class, NWC 2023",Pinot Noir,Red
Beyerskloof Winemakers Reserve 2018 (Pinotage),2018,260,"93/100, IWSC 2023",Pinotage,Red
Springfontein Jonathan's Ridge Single Vineyard Pinotage 2018,2018,495,"Top 20, T10P 2023",Pinotage,Red
Kanonkop Pinotage 2018,2018,525,"Top 20, T10P 2023",Pinotage,Red
Rijk's Reserve Pinotage 2018,2018,630,"Top 20, T10P 2023",Pinotage,Red
Du Toitskloof Dimension 2018 (Red Blend),2018,150,"93/100, DWA 2023",Red Blends,Red Blends
Holden Manz Visionaire 2018 (Red Blend),2018,210,"93/100, IWSC 2023",Red Blends,Red Blends
Vigne d'Or Red Blend 2018 (Terre Paisible),2018,245,"Gold, MV 2023",Red Blends,Red Blends
Ernie Els Proprietor's Blend 2018 (Red Blend),2018,300,"94/100, WM 2023",Red Blends,Red Blends
Alto Estate Blend 2018 (Red Blend),2018,450,"93/100, WM 2023",Red Blends,Red Blends
Plaisir Grand Plaisir Red 2018,2018,790,"95/100, DWA 2023",Red Blends,Red Blends
Sijnn Free Reign 2018 (Red Blend),2018,850,"95/100, PG 2023",Red Blends,Red Blends
Stellenzicht Acheulean Red 2018,2018,875,"93/100, G&G 2023",Red Blends,Red Blends
Villiera Clan 2018 (Red Blend),2018,883,"Gold, CFC 2023",Red Blends,Red Blends
Dornier Cabernet Sauvignon Merlot 2018,2018,179,"Top 100, NWC 2023",Red Blends - Bordeaux Style,Red Blends
Delaire Graff Banghoek 2018 (Red Blend),2018,2200,"Top 3 Blends, CFC 2023",Red Blends - Bordeaux Style,Red Blends
Allée Bleue L'Amour Toujours 2018 (Red Blend),2018,300,"95/100, WM 2023",Red Blends - Bordeaux Style,Red Blends
Beau Constantia Aidan 2018 (Red Blend),2018,300,"95/100, IWC 2023",Red Blends - Bordeaux Style,Red Blends
Blaauwklippen De Blaauwe Klip 2018 (Red Blend),2018,300,"Top 100, NWC 2023",Red Blends - Bordeaux Style,Red Blends
Journey's End Cape Doctor The Red 2018,2018,330,"94/100, WM 2023",Red Blends - Bordeaux Style,Red Blends
Holden Manz Big G 2018 (Red Blend),2018,335,"Top 100, NWC 2023",Red Blends - Bordeaux Style,Red Blends
Idiom Bordicon 'B' Blend 2018 (Red Blend),2018,600,"93/100, WM 2023",Red Blends - Bordeaux Style,Red Blends
Stellenbosch Vineyards Flagship Right Bank 2018 (Red Blend),2018,650,"Top 100, NWC 2023",Red Blends - Bordeaux Style,Red Blends
Glenelly Lady May 2018 (Red Blend),2018,795,"93/100, IWC 2023",Red Blends - Bordeaux Style,Red Blends
Blake's Amethyst 2018 (Red Blend),2018,299,"Top 10, PCB 2023",Red Blends - Cape Blend,Red Blends
Brampton Roxton 2018 (Red Blend),2018,160,"Gold, MV 2023",Red Blends - Rhone Style,Red Blends
Klein Constantia Metis Sauvignon Blanc 2018,2018,295,"95/100, G&G 2023",Sauvignon Blanc,White
Cape of Good Hope Riebeeksrivier Syrah 2018 (Rupert),2018,150,"Top 12, SSA 2023",Shiraz / Syrah,Red
Groenland Premium Syrah 2018,2018,190,"Top 12, SSA 2023",Shiraz / Syrah,Red
Nederburg Manor House Shiraz 2018,2018,245,"Gold, MV 2023",Shiraz / Syrah,Red
Alto Shiraz 2018,2018,275,"Gold, GWC 2023",Shiraz / Syrah,Red
Allée Bleue Single Vineyard Syrah 2018,2018,420,"Top 100, NWC 2023",Shiraz / Syrah,Red
Mount Sutherland Syrah (Super Single Vyds) 2018,2018,450,"97/100, PG 2023",Shiraz / Syrah,Red
Fairview Beacon Shiraz 2018,2018,475,"Top 100, NWC 2023",Shiraz / Syrah,Red
Quoin Rock Shiraz 2018,2018,650,"Top 20, SSA 2023",Shiraz / Syrah,Red
L'Ormarins Blanc de Blancs (Rupert) 2018 (MCC),2018,230,"95/100, PG 2023",MCC,Sparkling
Newstead Brut Blanc de Blanc 2018 (MCC),2018,265,"D Gold, CCC 2023",MCC,Sparkling
Asara Cap Classique 2018,2018,275,"94/100, G&G 2023",MCC,Sparkling
Graham Beck Blanc de Blancs 2018 (MCC),2018,304,"95/100, PG 2023",MCC,Sparkling
Graham Beck Pinot Noir Rosé 2018 (MCC),2018,357,"Best in Class, NWC 2023",MCC,Sparkling
Simonsig Cuvée Royale Blanc de Blancs 2018 (MCC),2018,450,"D Gold, CCC 2023",MCC,Sparkling
Babylonstoren Sprankel 2018 (MCC),2018,650,"97/100, PG 2023",MCC,Sparkling
Graham Beck Cuvée Clive 2018 (MCC),2018,970,"D Gold, CCC 2023",MCC,Sparkling
Rietvallei JMB Cabernet Franc 2019,2019,450,"N Winner, SAT 2023",Cabernet Franc,Red
Nederburg Manor House Cabernet Sauvignon 2019,2019,165,"Gold, MV 2023",Cabernet Sauvignon,Red
Dornier Equanimity Cabernet Sauvignon 2019,2019,201,"Gold, MV 2023",Cabernet Sauvignon,Red
Ridgeback Cabernet Sauvignon 2019,2019,235,"Top 100, NWC 2023",Cabernet Sauvignon,Red
Knorhoek Cabernet Sauvignon 2019,2019,250,"93/100, IWSC 2023",Cabernet Sauvignon,Red
Neil Ellis Stellenbosch Cabernet Sauvignon 2019,2019,250,"97/100, TWS 2023",Cabernet Sauvignon,Red
Alto Cabernet Sauvignon 2019,2019,275,"93/100, WM 2023",Cabernet Sauvignon,Red
Plaisir Cabernet Sauvignon 2019,2019,290,"95/100, IWSC 2023",Cabernet Sauvignon,Red
De Trafford Cabernet Sauvignon 2019,2019,435,"95/100, G&G 2023",Cabernet Sauvignon,Red
Nederburg Private Bin Two Centuries Cabernet Sauvignon 2019,2019,435,"95/100, PG 2023",Cabernet Sauvignon,Red
Kleine Zalze Family Reserve Cabernet Sauvignon 2019,2019,450,"95/100, WM 2023",Cabernet Sauvignon,Red
Neil Ellis Jonkershoek Cabernet Sauvignon 2019,2019,520,"93/100, WM 2023",Cabernet Sauvignon,Red
Beyerskloof Eerste Ry Cabernet Sauvignon 2019,2019,550,"97/100, PG 2023",Cabernet Sauvignon,Red
Stark-Condé Three Pines Cabernet Sauvignon 2019,2019,550,"Gold, GWC 2023",Cabernet Sauvignon,Red
Kanonkop Cabernet Sauvignon 2019,2019,575,"95/100, PG 2023",Cabernet Sauvignon,Red
Stellenrust Douwe Steyn 2019 (Cabernet Sauvignon),2019,620,"95/100, PG 2023",Cabernet Sauvignon,Red
Peter Falke Kailani 2019 (Cabernet Sauvignon),2019,800,"93/100, WM 2023",Cabernet Sauvignon,Red
Stark-Condé Oude Nektar Cabernet Sauvignon 2019,2019,890,"93/100, G&G 2023",Cabernet Sauvignon,Red
Capensis Fijnbosch Chardonnay 2019,2019,1500,"95/100, PG 2023",Chardonnay,White
DeMorgenzon Reserve Chardonnay 2019,2019,430,"93/100, IWSC 2023",Chardonnay,White
Kershaw GPS Lower Duivenhoks River Chardonnay 2019,2019,655,"Gold, GWC 2023",Chardonnay,White
Capensis Chardonnay 2019,2019,995,"Gold, GWC 2023",Chardonnay,White
Slanghoek Legends Barrel Fermented Chenin Blanc 2019,2019,196,"95/100, DM 2023",Chenin Blanc,White
Old Road Stone Trail Single Vineyard Chenin Blanc 2019,2019,355,"N Winner, SAT 2023",Chenin Blanc,White
Keermont Riverside Chenin Blanc 2019,2019,440,"95/100, DM 2023",Chenin Blanc,White
Dornier Malbec 2019,2019,179,"Gold, MC 2023",Malbec,Red
Olivedale Respect for Nature Malbec 2019,2019,205,"Gold, MC 2023",Malbec,Red
Paul Wallace Black Dog Malbec 2019,2019,260,"Best in Class, NWC 2023",Malbec,Red
De Grendel Merlot 2019,2019,170,"Top 10, T10M 2023",Merlot,Red
Fleur du Cap Unfiltered Merlot (Heineken) 2019,2019,200,"Top 20, T10M 2023",Merlot,Red
Dieu Donné Merlot 2019,2019,210,"Gold, CM 2023",Merlot,Red
Plaisir Merlot 2019,2019,230,"Top 20, T10M 2023",Merlot,Red
Groot Constantia Merlot 2019,2019,290,"93/100, G&G 2023",Merlot,Red
Holden Manz Merlot Reserve 2019,2019,610,"Top 10, T10M 2023",Merlot,Red
Simelia Fluvius Merlot 2019,2019,800,"95/100, PG 2023",Merlot,Red
Kershaw Clonal Selection Pinot Noir 2019,2019,595,"94/100, DWA 2023",Pinot Noir,Red
Lanzerac Commemorative Pinotage 2019,2019,1950,"95/100, PG 2023",Pinotage,Red
La Cave Pinotage (Wellington Wines) 2019,2019,220,"Top 20, T10P 2023",Pinotage,Red
Bellingham Bernard Series Bush Vine Pinotage 2019,2019,280,"Grand Gold, MV 2023",Pinotage,Red
Beeslaar Pinotage 2019,2019,525,"Top 10, T10P 2023",Pinotage,Red
Beyerskloof Diesel Pinotage 2019,2019,950,"Top 20, T10P 2023",Pinotage,Red
Spice Route Chakalaka 2019 (Red Blend),2019,195,"Top 100, NWC 2023",Red Blends,Red Blends
Boschendal Nicolas 2019 (Red Blend),2019,200,"95/100, PG 2023",Red Blends,Red Blends
Quoin Rock Simonsberg Blend 2019 (Red Blend),2019,220,"93/100, IWSC 2023",Red Blends,Red Blends
Le Chant du Coq 2019 (Red Blend),2019,225,"93/100, IWSC 2023",Red Blends,Red Blends
Roodeberg Dr Charles Niehaus (KWV) 2019 (Red Blend),2019,339,"D Gold, VA 2023",Red Blends,Red Blends
Beaumont Vitruvian 2019 (Red Blend),2019,485,"95/100, PG 2023",Red Blends,Red Blends
Vondeling Philosophie 2019 (Red Blend),2019,1075,"97/100, PG 2023",Red Blends - Bordeaux Style,Red Blends
Mitre's Edge The Mitre 2019 (Red Blend),2019,235,"Top 3 Blends, CFC 2023",Red Blends - Bordeaux Style,Red Blends
Simonsig Tiara 2019 (Red Blend),2019,260,"D Gold, GWC 2023",Red Blends - Bordeaux Style,Red Blends
Asara Bell Tower 2019 (Red Blend),2019,275,"94/100, G&G 2023",Red Blends - Bordeaux Style,Red Blends
Vrede en Lust Boet Erasmus 2019 (Red Blend),2019,280,"94/100, WM 2023",Red Blends - Bordeaux Style,Red Blends
Hidden Valley Hidden Gems 2019 (Red Blend),2019,285,"93/100, G&G 2023",Red Blends - Bordeaux Style,Red Blends
KWV Mentors Orchestra 2019 (Red Blend),2019,339,"Gold, MV 2023",Red Blends - Bordeaux Style,Red Blends
Durbanville Hills Tangram Red 2019,2019,350,"Gold, CM 2023",Red Blends - Bordeaux Style,Red Blends
Rietvallei Estéanna Red Blend 2019,2019,400,"N Winner, SAT 2023",Red Blends - Bordeaux Style,Red Blends
Remhoogte Reserve Sir Thomas Cullinan 2019 (Red Blend),2019,420,"96/100, PG 2023",Red Blends - Bordeaux Style,Red Blends
Zorgvliet Richelle 2019 (Red Blend),2019,420,"94/100, WM 2023",Red Blends - Bordeaux Style,Red Blends
High Road Director's Reserve 2019 (Red Blend),2019,475,"Gold, GWC 2023",Red Blends - Bordeaux Style,Red Blends
Ridgeback His Master's Choice Signature C 2019 (Red Blend),2019,500,"95/100, PG 2023",Red Blends - Bordeaux Style,Red Blends
Groot Constantia Gouverneurs Reserve Red 2019,2019,540,"95/100, DWA 2023",Red Blends - Bordeaux Style,Red Blends
Windmeul Reserve Cape Blend 2019,2019,150,"Top 10, PCB 2023",Red Blends - Cape Blend,Red Blends
Nuiba Third Post 2019 (Red Blend),2019,350,"95/100, PG 2023",Red Blends - Cape Blend,Red Blends
KWV Mentors Perold 2019 (Red Blend),2019,749,"Top 6, PCB 2023",Red Blends - Cape Blend,Red Blends
Beyerskloof Faith 2019 (Red Blend),2019,800,"95/100, PG 2023",Red Blends - Cape Blend,Red Blends
La Motte Pierneef Syrah Viognier 2019,2019,320,"Top 100, NWC 2023",Red Blends - Rhone Style,Red Blends
Ridgeback His Master's Choice Signature S 2019 (Red Blend),2019,400,"95/100, PG 2023",Red Blends - Rhone Style,Red Blends
Boschendal Black Angus 2019 (Red Blend),2019,450,"93/100, IWC 2023",Red Blends - Rhone Style,Red Blends
Hartenberg Stork 2019 (Shiraz),2019,1000,"Gold Top 10, SdM 2023",Shiraz / Syrah,Red
Hartenberg Gravel Hill 2019 (Shiraz),2019,1200,"95/100, DWA 2023",Shiraz / Syrah,Red
Rietvallei Shiraz 2019,2019,150,"Top 100, NWC 2023",Shiraz / Syrah,Red
Nederburg Manor House Shiraz 2019,2019,165,"Top 20, SSA 2023",Shiraz / Syrah,Red
La Motte Syrah 2019,2019,200,"Top 100, NWC 2023",Shiraz / Syrah,Red
Stellenzicht Arenite Syrah 2019,2019,225,"93/100, IWSC 2023",Shiraz / Syrah,Red
Hartenberg Shiraz 2019,2019,280,"Top 20, SSA 2023",Shiraz / Syrah,Red
Flagstone Dark Horse Shiraz 2019,2019,380,"Top 12, SSA 2023",Shiraz / Syrah,Red
Rhebokskloof Black Marble Hill Syrah 2019,2019,385,"Gold, SdM 2023",Shiraz / Syrah,Red
Kleine Zalze Family Reserve Shiraz 2019,2019,450,"Gold, GWC 2023",Shiraz / Syrah,Red
Boschendal Grande Syrah 2019,2019,850,"93/100, IWC 2023",Shiraz / Syrah,Red
Simonsig Kaapse Vonkel Brut 2019 (MCC),2019,175,"D Gold, CCC 2023",MCC,Sparkling
Benguela Cove Joie de Vivre Brut 2019 (MCC),2019,280,"Trophy, VA 2023",MCC,Sparkling
Cederberg Brut Blanc de Blancs 2019 (MCC),2019,340,"Gold, CSC 2023",MCC,Sparkling
"Kruger Family Reserve Marguerite Brut 2019 (MCC, Stellenview)",2019,350,"94/100, IWSC 2023",MCC,Sparkling
Hillcrest Saartjie Single Vineyard Cabernet Franc 2020,2020,185,"Gold, CFC 2023",Cabernet Franc,Red
Zorgvliet Cabernet Franc 2020,2020,190,"Trophy, GWC 2023",Cabernet Franc,Red
Raats Dolomite Cabernet Franc 2020,2020,215,"Top 6, CFC 2023",Cabernet Franc,Red
Mitre's Edge Cabernet Franc 2020,2020,235,"Gold, CFC 2023",Cabernet Franc,Red
Ridgeback Cabernet Franc 2020,2020,250,"Top 6, CFC 2023",Cabernet Franc,Red
Doolhof Single Vineyard Cabernet Franc 2020,2020,295,"Top 100, NWC 2023",Cabernet Franc,Red
KWV Mentors Cabernet Franc 2020,2020,339,"Gold, MV 2023",Cabernet Franc,Red
Anthology Cabernet Franc 2020,2020,400,"Winner, CFC 2023",Cabernet Franc,Red
Lynx Cabernet Franc 2020,2020,450,"Top 6, CFC 2023",Cabernet Franc,Red
Raats Family Cabernet Franc 2020,2020,750,"Gold, CFC 2023",Cabernet Franc,Red
Diemersfontein Cabernet Sauvignon 2020,2020,147,"Top 100, NWC 2023",Cabernet Sauvignon,Red
Le Bonheur Reserve Cabernet Sauvignon 2020,2020,150,"95/100, DWA 2023",Cabernet Sauvignon,Red
Beau Joubert Jacob's Cab 2020 (Cabernet Sauvignon),2020,170,"Gold, MV 2023",Cabernet Sauvignon,Red
La Motte Cabernet Sauvignon 2020,2020,170,"Top 100, NWC 2023",Cabernet Sauvignon,Red
Kleine Zalze Vineyard Selection Cabernet Sauvignon 2020,2020,199,"Grand Gold, CM 2023",Cabernet Sauvignon,Red
Cederberg Cabernet Sauvignon 2020,2020,240,"93/100, DWA 2023",Cabernet Sauvignon,Red
Cavalli Cabernet Sauvignon 2020,2020,250,"93/100, G&G 2023",Cabernet Sauvignon,Red
Knorhoek Cabernet Sauvignon 2020,2020,250,"Gold, MV 2023",Cabernet Sauvignon,Red
Kruger Family Reserve Cabernet Sauvignon (Stellenview) 2020,2020,250,"94/100, WM 2023",Cabernet Sauvignon,Red
Grand Vin de Stellenbosch Cabernet Sauvignon (Le Grand) 2020,2020,300,"D Gold, VA 2023",Cabernet Sauvignon,Red
Peter Falke Cabernet Sauvignon 2020,2020,300,"93/100, G&G 2023",Cabernet Sauvignon,Red
Ernst Gouws & Co Family Reserve Cabernet Sauvignon 2020,2020,320,"94/100, G&G 2023",Cabernet Sauvignon,Red
Kaapzicht Skemerlig Cabernet Sauvignon 2020,2020,325,"94/100, G&G 2023",Cabernet Sauvignon,Red
Thelema Cabernet Sauvignon 2020,2020,340,"95/100, PG 2023",Cabernet Sauvignon,Red
Thelema Cabernet Sauvignon 2020,2020,340,"93/100, G&G 2023",Cabernet Sauvignon,Red
Deux Frères Cabernet Sauvignon 2020,2020,350,"95/100, G&G 2023",Cabernet Sauvignon,Red
Diemersdal Journal Cabernet Sauvignon 2020,2020,370,"Gold, CM 2023",Cabernet Sauvignon,Red
Tokara Reserve Cabernet Sauvignon 2020,2020,385,"95/100, G&G 2023",Cabernet Sauvignon,Red
Louisvale Five Barrels Cabernet Sauvignon 2020,2020,470,"97/100, TWS 2023",Cabernet Sauvignon,Red
Warwick Blue Lady 2020 (Cabernet Sauvignon),2020,475,"94/100, DWA 2023",Cabernet Sauvignon,Red
Mooiplaas Tabakland Cabernet Sauvignon 2020,2020,520,"95/100, PG 2023",Cabernet Sauvignon,Red
Benguela Cove Vinography Cabernet Sauvignon 2020,2020,600,"D Gold, VA 2023",Cabernet Sauvignon,Red
Cederberg Five Generations Cabernet Sauvignon 2020,2020,750,"95/100, IWSC 2023",Cabernet Sauvignon,Red
Le Riche Reserve Cabernet Sauvignon 2020,2020,940,"97/100, DWA 2023",Cabernet Sauvignon,Red
Mt Vernon Chardonnay 2020,2020,170,"93/100, G&G 2023",Chardonnay,White
Thelema Chardonnay 2020,2020,220,"95/100, IWC 2023",Chardonnay,White
Whalehaven Sandstone Strata Chardonnay 2020,2020,270,"93/100, G&G 2023",Chardonnay,White
Almenkerk Chardonnay 2020,2020,280,"Trophy, SAT 2023",Chardonnay,White
Paul Cluver Estate Chardonnay 2020,2020,300,"Top 100, NWC 2023",Chardonnay,White
Capensis Silene Chardonnay 2020,2020,350,"Master, GWM 2023",Chardonnay,White
Whalehaven Seascape Reserve Chardonnay 2020,2020,405,"93/100, G&G 2023",Chardonnay,White
Hartenberg Eleanor 2020 (Chardonnay),2020,500,"94/100, DWA 2023",Chardonnay,White
Uva Mira Single Tree Chardonnay 2020,2020,720,"94/100, DWA 2023",Chardonnay,White
Uva Mira Chardonnay 2020,2020,990,"Gold, GWM 2023",Chardonnay,White
DeMorgenzon Divas Chenin Blanc 2020,2020,1000,"93/100, DM 2023",Chenin Blanc,White
Quest Old Vine Chenin Blanc (DTK) 2020,2020,190,"93/100, DM 2023",Chenin Blanc,White
Flagstone Paradigm Chenin Blanc 2020,2020,240,"Top 10, CBC 2023",Chenin Blanc,White
Stellenrust Barrel Fermented Chenin Blanc 2020,2020,240,"94/100, DM 2023",Chenin Blanc,White
Bruce Jack Boer Maak ’n Plan Chenin Blanc 2020,2020,250,"95/100, DM 2023",Chenin Blanc,White
Survivor Chenin Blanc Reserve (Overhex) 2020,2020,330,"95/100, DM 2023",Chenin Blanc,White
Carinus Polkadraai Heuwels Chenin Blanc 2020,2020,335,"95/100, DM 2023",Chenin Blanc,White
Old Road Stone Trail Single Vineyard Chenin Blanc 2020,2020,385,"Gold, GWC 2023",Chenin Blanc,White
DeMorgenzon Reserve Chenin Blanc 2020,2020,430,"93/100, IWC 2023",Chenin Blanc,White
Mountain Ridge Chenin Blanc 2020,2020,85,"94/100, DM 2023",Chenin Blanc,White
Darling Cellars Old Bush Vines Cinsaut 2020,2020,220,"93/100, IWSC 2023",Cinsault,Red
Benguela Cove Sauvignon Blanc Noble Late Harvest 2020,2020,220,"N Winner, SAT 2023",Dessert Wine - Unfortified,Dessert
Saronsberg Grenache 2020,2020,270,"N Winner, SAT 2023",Grenache Noir,White
Mt Vernon Malbec 2020,2020,300,"Gold, MC 2023",Malbec,Red
Die Laan Merlot Reserve (Welgevallen) 2020,2020,120,"Top 20, T10M 2023",Merlot,Red
La Bri Merlot 2020,2020,180,"Top 20, T10M 2023",Merlot,Red
Stellekaya Merlot 2020,2020,190,"93/100, G&G 2023",Merlot,Red
Zorgvliet Merlot 2020,2020,190,"Top 10, T10M 2023",Merlot,Red
Vondeling Barrel Selection Merlot 2020,2020,195,"Top 10, T10M 2023",Merlot,Red
Rainbow's End Merlot 2020,2020,220,"Winner, T10M 2023",Merlot,Red
Bein Merlot 2020,2020,230,"Top 10, T10M 2023",Merlot,Red
Ridgeback Merlot 2020,2020,235,"Top 10, T10M 2023",Merlot,Red
Groot Constantia Merlot 2020,2020,290,"Top 20, T10M 2023",Merlot,Red
Villiera Monro Merlot 2020,2020,325,"93/100, IWC 2023",Merlot,Red
Fairview Petite Sirah 2020,2020,140,"Best in Class, NWC 2023",Niche Red Varieties,Niche Red
Painted Wolf Black Tip Mourvèdre 2020,2020,260,"Best in Class, NWC 2023",Niche Red Varieties,Niche Red
Saronsberg Mourvèdre 2020,2020,270,"N Winner, SAT 2023",Niche Red Varieties,Niche Red
KWV Mentors Petit Verdot 2020,2020,339,"93/100, G&G 2023",Petit Verdot,Red
Gentis Bishop Petit Verdot (Thor) 2020,2020,830,"Gold, GWC 2023",Petit Verdot,Red
Driehoek Mieke Pinot Noir 2020,2020,225,"Top 5, T5P 2023",Pinot Noir,Red
Haute Cabriére Reserve Pinot Noir 2020,2020,285,"93/100, G&G 2023",Pinot Noir,Red
La Vierge Apogée Pinot Noir 2020,2020,305,"95/100, DM 2023",Pinot Noir,Red
Lothian Pinot Noir 2020,2020,310,"Top 5, T5P 2023",Pinot Noir,Red
Iona Kloof Pinot Noir 2020,2020,595,"95/100, PG 2023",Pinot Noir,Red
Backsberg Blueberry Row Pinotage 2020 (DGB),2020,120,"Gold, MV 2023",Pinotage,Red
Bellingham Homestead Pinotage 2020,2020,120,"93/100, DWA 2023",Pinotage,Red
KWV Cathedral Cellar Pinotage 2020,2020,149,"93/100, G&G 2023",Pinotage,Red
Windmeul Reserve Pinotage 2020,2020,150,"94/100, WM 2023",Pinotage,Red
Kleine Zalze Vineyard Selection Pinotage 2020,2020,199,"Gold, MV 2023",Pinotage,Red
Diemersfontein Carpe Diem Pinotage Reserve 2020,2020,260,"Top 100, NWC 2023",Pinotage,Red
Doolhof Single Vineyard Pinotage 2020,2020,295,"N Winner, SAT 2023",Pinotage,Red
Lyngrove Platinum Pinotage 2020,2020,295,"Top 20, T10P 2023",Pinotage,Red
KWV Mentors Pinotage 2020,2020,339,"Top 20, T10P 2023",Pinotage,Red
Diemersdal Journal Pinotage 2020,2020,370,"D Gold, VA 2023",Pinotage,Red
Bowwood Pinotage (Vondeling) 2020,2020,439,"D Gold, VA 2023",Pinotage,Red
Fairview Primo Pinotage 2020,2020,475,"Top 10, T10P 2023",Pinotage,Red
Alvi's Drift Verreaux Pinotage 2020,2020,550,"Best in Class, NWC 2023",Pinotage,Red
L'Avenir Single Block Pinotage 2020,2020,700,"Top 10, T10P 2023",Pinotage,Red
Du Toitskloof Pinotage 2020,2020,85,"Gold, GWC 2023",Pinotage,Red
Beyerskloof Diesel Pinotage 2020,2020,950,"Top 10, T10P 2023",Pinotage,Red
Muratie Ben Prins Cape Vintage 2020 (Port),2020,320,"N Winner, SAT 2023","Port, Sherry",Fortified 
Boplaas Cape Vintage Reserve 2020 (Port),2020,325,"D Gold, VA 2023","Port, Sherry",Fortified 
De Krans Cape Vintage Reserve 2020 (Port),2020,350,"97/100, TWS 2023","Port, Sherry",Fortified 
Old Road Spotted Hound Red Blend 2020,2020,119,"Gold, MV 2023",Red Blends,Red Blends
"Roodeberg Reserve 2020 (Red Blend, KWV)",2020,149,"D Gold, VA 2023",Red Blends,Red Blends
Fairview Extraño 2020 (Red Blend),2020,150,"93/100, WM 2023",Red Blends,Red Blends
Groot Constantia Lady of Abundance 2020 (Red Blend),2020,175,"Best in Class, NWC 2023",Red Blends,Red Blends
Stellenbosch Vineyards Credo SMV 2020,2020,175,"Best in Class, NWC 2023",Red Blends,Red Blends
Leeu Passant 2020 (Red Blend),2020,1820,"95/100, PG 2023",Red Blends,Red Blends
Landskroon Paul de Villiers Reserve 2020 (Red Blend),2020,190,"Top 100, NWC 2023",Red Blends,Red Blends
Zonnebloem Lauréat (Heineken) 2020 (Red Blend),2020,204,"93/100, WM 2023",Red Blends,Red Blends
Quoin Rock Simonsberg Blend 2020 (Red Blend),2020,220,"93/100, G&G 2023",Red Blends,Red Blends
Bellingham Bernard Series Maverick SMV 2020 (Red Blend),2020,320,"93/100, DWA 2023",Red Blends,Red Blends
Roodeberg Dr Charles Niehaus (KWV) 2020 (Red Blend),2020,339,"93/100, IWSC 2023",Red Blends,Red Blends
Deux Frères Tribute 2020 (Red Blend),2020,370,"96/100, G&G 2023",Red Blends,Red Blends
Bouchard Finlayson Hannibal 2020 (Red Blend),2020,399,"97/100, TWS 2023",Red Blends,Red Blends
Alto Estate Blend 2020 (Red Blend),2020,450,"96/100, PG 2023",Red Blends,Red Blends
Fairview Cyril Back 2020 (Red Blend),2020,995,"Top 6 Blends, SSA 2023",Red Blends,Red Blends
La Motte Millennium 2020 (Red Blend),2020,110,"Gold, CM 2023",Red Blends - Bordeaux Style,Red Blends
Vilafonté Series C 2020 (Red Blend),2020,1190,"Gold, GWC 2023",Red Blends - Bordeaux Style,Red Blends
Diemersdal Private Collection 2020 (Red Blend),2020,190,"Gold, CM 2023",Red Blends - Bordeaux Style,Red Blends
Lovane Isikhati 2020 (Red Blend),2020,200,"D Gold, VA 2023",Red Blends - Bordeaux Style,Red Blends
Warwick Professor Black Pitch Black 2020 (Red Blend),2020,220,"93/100, IWSC 2023",Red Blends - Bordeaux Style,Red Blends
Vrede en Lust Boet Erasmus 2020 (Red Blend),2020,280,"Top 100, NWC 2023",Red Blends - Bordeaux Style,Red Blends
Raats Family Jasper Red Blend 2020,2020,305,"Top 3 Blends, CFC 2023",Red Blends - Bordeaux Style,Red Blends
KWV Mentors Orchestra 2020 (Red Blend),2020,339,"96/100, G&G 2023",Red Blends - Bordeaux Style,Red Blends
Spier First Stone Organic Red Blend 2020,2020,350,"Gold, CM 2023",Red Blends - Bordeaux Style,Red Blends
Bacco Red Blend 2020,2020,360,"95/100, PG 2023",Red Blends - Bordeaux Style,Red Blends
Constantia Glen Three 2020 (Red Blend),2020,360,"95/100, WM 2023",Red Blends - Bordeaux Style,Red Blends
Tokara Director's Reserve Red 2020,2020,460,"Gold, GWC 2023",Red Blends - Bordeaux Style,Red Blends
Rainbow's End Family Reserve 2020 (Red Blend),2020,500,"95/100, PG 2023",Red Blends - Bordeaux Style,Red Blends
Marianne Desirade 2020 (Red Blend),2020,520,"96/100, PG 2023",Red Blends - Bordeaux Style,Red Blends
Jordan Cobblers Hill 2020 (Red Blend),2020,527,"95/100, PG 2023",Red Blends - Bordeaux Style,Red Blends
Groot Constantia Gouverneurs Reserve Red 2020,2020,540,"93/100, WM 2023",Red Blends - Bordeaux Style,Red Blends
Overgaauw Tria Corda 2020 (Red Blend),2020,550,"95/100, PG 2023",Red Blends - Bordeaux Style,Red Blends
Harry Hartman Coracle 2020 (Red Blend),2020,575,"93/100, WM 2023",Red Blends - Bordeaux Style,Red Blends
Babylonstoren Nebukadnesar 2020 (Red Blend),2020,605,"93/100, DWA 2023",Red Blends - Bordeaux Style,Red Blends
Keet First Verse 2020 (Red Blend),2020,615,"95/100, PG 2023",Red Blends - Bordeaux Style,Red Blends
Constantia Glen Five 2020 (Red Blend),2020,620,"96/100, IWSC 2023",Red Blends - Bordeaux Style,Red Blends
Warwick Trilogy 2020 (Red Blend),2020,625,"95/100, DWA 2023",Red Blends - Bordeaux Style,Red Blends
Quoin Rock Red Blend 2020,2020,700,"95/100, IWSC 2023",Red Blends - Bordeaux Style,Red Blends
Flagstone Dragon Tree Cape Blend 2020,2020,155,"Top 6, PCB 2023",Red Blends - Cape Blend,Red Blends
Endura Winemaker's Selection Cape Blend (Perdeberg) 2020 (Red Blend),2020,350,"Top 6, PCB 2023",Red Blends - Cape Blend,Red Blends
KWV Mentors Perold 2020 (Red Blend),2020,749,"94/100, G&G 2023",Red Blends - Cape Blend,Red Blends
Beyerskloof Faith 2020 (Red Blend),2020,800,"D Gold, VA 2023",Red Blends - Cape Blend,Red Blends
Strandveld Navigator 2020 (Red Blend),2020,250,"93/100, WM 2023",Red Blends - Rhone Style,Red Blends
KWV Mentors Canvas 2020 (Red Blend),2020,339,"93/100, G&G 2023",Red Blends - Rhone Style,Red Blends
Bergsig Weisser Riesling 2020,2020,86,"N Winner, SAT 2023",Riesling,
Gustus Sauvignon Blanc (Darling Cellars) 2020,2020,105,"Trophy, CMS 2023",Sauvignon Blanc,White
Vrede en Lust Artisan Blanc Fumé 2020 (Sauvignon Blanc),2020,200,"Gold, CMS 2023",Sauvignon Blanc,White
Kleine Zalze Family Reserve Sauvignon Blanc 2020,2020,270,"Gold, CMS 2023",Sauvignon Blanc,White
Klein Constantia Metis Sauvignon Blanc 2020,2020,295,"95/100, PG 2023",Sauvignon Blanc,White
Akkerdal Semillon 2020,2020,205,"Best in Class, NWC 2023",Semillon,White
Benguela Cove Catalina Semillon 2020,2020,650,"N Winner, SAT 2023",Semillon,White
Villiersdorp Winery Syrah 2020,2020,100,"97/100, TWS 2023",Shiraz / Syrah,Red
Cape Five Reserve Shiraz (Stellenview) 2020,2020,116,"93/100, IWSC 2023",Shiraz / Syrah,Red
Bellingham Homestead Shiraz 2020,2020,120,"Gold, MV 2023",Shiraz / Syrah,Red
Cloof Very Sexy Shiraz 2020,2020,120,"Top 100, NWC 2023",Shiraz / Syrah,Red
Zandvliet Shiraz (Van Loveren) 2020,2020,150,"Top 100, NWC 2023",Shiraz / Syrah,Red
Raka Biography Shiraz 2020,2020,170,"Top 100, NWC 2023",Shiraz / Syrah,Red
Land's End Cape Agulhas Syrah (DTK) 2020,2020,195,"Top 100, NWC 2023",Shiraz / Syrah,Red
Backsberg Pumphouse Shiraz (DGB) 2020,2020,200,"Gold, SdM 2023",Shiraz / Syrah,Red
Mellish Bakenkop Syrah 2020,2020,220,"95/100, WM 2023",Shiraz / Syrah,Red
Strandveld Syrah 2020,2020,240,"95/100, WM 2023",Shiraz / Syrah,Red
Kruger Family Reserve Shiraz (Stellenview) 2020,2020,250,"94/100, IWSC 2023",Shiraz / Syrah,Red
Dewaldt Heyns Weathered Hands Shiraz 2020,2020,260,"Top 12, SSA 2023",Shiraz / Syrah,Red
Bacco Prelude Syrah 2020,2020,270,"94/100, IWSC 2023",Shiraz / Syrah,Red
Cederberg Shiraz 2020,2020,270,"D Gold, GWC 2023",Shiraz / Syrah,Red
Uva Mira The Mira Shiraz 2020,2020,295,"Top 12, SSA 2023",Shiraz / Syrah,Red
Fairview Beacon Shiraz 2020,2020,475,"Top 12, SSA 2023",Shiraz / Syrah,Red
Boekenhoutskloof Syrah 2020,2020,495,"Gold, GWC 2023",Shiraz / Syrah,Red
Boschkloof Epilogue 2020 (Shiraz),2020,795,"93/100, IWC 2023",Shiraz / Syrah,Red
Du Toitskloof Shiraz 2020,2020,85,"Top 100, NWC 2023",Shiraz / Syrah,Red
Land's End Cape South Coast Shiraz (DTK) 2020,2020,95,"Best in Class, NWC 2023",Shiraz / Syrah,Red
Darling Cellars Cap Classique Nectar 2020,2020,150,"Best in Class, CCC 2023",MCC,Sparkling
Ken Forrester Sparklehorse Chenin Blanc Brut 2020 (MCC),2020,225,"Gold, GWM 2023",MCC,Sparkling
Canto Brut 2020 (MCC),2020,250,"D Gold, GWC 2023",MCC,Sparkling
Avondale Jonty's Ducks Pekin White 2020,2020,383,"95/100, DM 2023",White Blends,White Blends
Beau Joubert Ambassador 2020 (Red Blend),2020,195,"Gold, MV 2023",White Blends Bordeaux Style,White Blends
Vrede en Lust Barrique Semillon Sauvignon Blanc 2020,2020,220,"93/100, IWSC 2023",White Blends Bordeaux Style,White Blends
Durbanville Hills Tangram White 2020,2020,230,"Trophy, IWSC 2023",White Blends Bordeaux Style,White Blends
Tokara Director's Reserve White 2020,2020,330,"Trophy, GWC 2023",White Blends Bordeaux Style,White Blends
Quoin Rock White Blend 2020,2020,400,"93/100, IWSC 2023",White Blends Bordeaux Style,White Blends
Thokozani Cabernet Franc (Diemersfontein) 2021,2021,150,"97/100, TWS 2023",Cabernet Franc,Red
Morgenster Cabernet Franc 2021,2021,165,"Top 6, CFC 2023",Cabernet Franc,Red
Marklew Cabernet Franc 2021,2021,250,"Gold, CFC 2023",Cabernet Franc,Red
Chamonix Cabernet Franc Reserve 2021,2021,270,"Gold, CFC 2023",Cabernet Franc,Red
Raats Eden High Density Single Vineyard Cabernet Franc 2021,2021,2750,"96/100, PG 2023",Cabernet Franc,Red
Rainbow's End Cabernet Franc 2021,2021,295,"Gold, CFC 2023",Cabernet Franc,Red
Beaumont Ariane Cabernet Franc 2021,2021,345,"95/100, PG 2023",Cabernet Franc,Red
Rainbow's End Limited Release Cabernet Franc 2021,2021,380,"Gold, CFC 2023",Cabernet Franc,Red
De Trafford Cabernet Franc 2021,2021,465,"95/100, PG 2023",Cabernet Franc,Red
Raats Family Cabernet Franc 2021,2021,750,"95/100, PG 2023",Cabernet Franc,Red
Nederburg Winemasters Cabernet Sauvignon 2021,2021,116,"95/100, DWA 2023",Cabernet Sauvignon,Red
Durbanville Hills Collectors Reserve Cabernet Sauvignon 2021,2021,150,"Gold, CM 2023",Cabernet Sauvignon,Red
Maastricht Cabernet Sauvignon 2021,2021,155,"93/100, WM 2023",Cabernet Sauvignon,Red
Glenelly Glass Collection Cabernet Sauvignon 2021,2021,160,"94/100, WM 2023",Cabernet Sauvignon,Red
Mont Massif Cabernet Sauvignon (Montagu Winery) 2021,2021,165,"D Gold, VA 2023",Cabernet Sauvignon,Red
Vrede Vineyard Select Cabernet Sauvignon 2021 (Vin de Classique),2021,165,"Top 100, NWC 2023",Cabernet Sauvignon,Red
Bonnievale Limited Release Cabernet Sauvignon 2021,2021,171,"Top 100, NWC 2023",Cabernet Sauvignon,Red
Kleine Zalze Vineyard Selection Cabernet Sauvignon 2021,2021,199,"94/100, WM 2023",Cabernet Sauvignon,Red
David Finlayson Cabernet Sauvignon 2021,2021,200,"93/100, G&G 2023",Cabernet Sauvignon,Red
Babylonstoren Cabernet Sauvignon 2021,2021,240,"Top 100, NWC 2023",Cabernet Sauvignon,Red
Ernie Els Major Series Cabernet Sauvignon 2021,2021,250,"93/100, WM 2023",Cabernet Sauvignon,Red
Knorhoek Cabernet Sauvignon 2021,2021,250,"Gold, MV 2023",Cabernet Sauvignon,Red
Rainbow's End Cabernet Sauvignon 2021,2021,250,"93/100, G&G 2023",Cabernet Sauvignon,Red
Survivor Cabernet Sauvignon (Overhex) 2021,2021,250,"Gold, MV 2023",Cabernet Sauvignon,Red
Jordan Long Fuse Cabernet Sauvignon 2021,2021,260,"95/100, DWA 2023",Cabernet Sauvignon,Red
PF Cabernet Sauvignon (Peter Falke) 2021,2021,300,"93/100, WM 2023",Cabernet Sauvignon,Red
Le Riche Cabernet Sauvignon 2021,2021,330,"95/100, PG 2023",Cabernet Sauvignon,Red
Diemersdal Journal Cabernet Sauvignon 2021,2021,370,"95/100, PG 2023",Cabernet Sauvignon,Red
Matthew van Heerden Cabernet Sauvignon 2021,2021,450,"95/100, PG 2023",Cabernet Sauvignon,Red
Boekenhoutskloof Stellenbosch Cabernet Sauvignon 2021,2021,495,"95/100, PG 2023",Cabernet Sauvignon,Red
David Finlayson GS 2021 (Cabernet Sauvignon),2021,550,"96/100, PG 2023",Cabernet Sauvignon,Red
Cederberg Five Generations Cabernet Sauvignon 2021,2021,750,"95/100, PG 2023",Cabernet Sauvignon,Red
Bellingham Homestead Chardonnay 2021,2021,110,"93/100, WM 2023",Chardonnay,White
Nederburg Manor House Chardonnay 2021,2021,135,"Gold, CM 2023",Chardonnay,White
Backsberg Smuggled Vines Chardonnay (DGB) 2021,2021,160,"Gold, CdM 2023",Chardonnay,White
Sutherland Chardonnay (Thelema) 2021,2021,190,"95/100, IWC 2023",Chardonnay,White
Lourensford Limited Release Chardonnay 2021,2021,200,"Gold, MV 2023",Chardonnay,White
Vigne d'Or Chardonnay 2021 (Terre Paisible),2021,225,"Gold, MV 2023",Chardonnay,White
Groote Post Kapokberg Chardonnay 2021,2021,231,"93/100, TWS 2023",Chardonnay,White
Vriesenhof Chardonnay 2021,2021,240,"95/100, WM 2023",Chardonnay,White
Tokara Reserve Stellenbosch Chardonnay 2021,2021,260,"93/100, IWC 2023",Chardonnay,White
Groot Constantia Chardonnay 2021,2021,285,"95/100, IWC 2023",Chardonnay,White
Paul Cluver Estate Chardonnay 2021,2021,300,"95/100, PG 2023",Chardonnay,White
Neil Ellis Whitehall Chardonnay 2021,2021,325,"97/100, DWA 2023",Chardonnay,White
Capensis Silene Chardonnay 2021,2021,350,"Trophy, IWSC 2023",Chardonnay,White
De Wetshof The Site Chardonnay 2021,2021,358,"Gold, MV 2023",Chardonnay,White
Lothian Chardonnay 2021,2021,370,"94/100, WM 2023",Chardonnay,White
Iona Chardonnay 2021,2021,375,"97/100, DWA 2023",Chardonnay,White
Boschendal Elgin Chardonnay 2021,2021,450,"95/100, DWA 2023",Chardonnay,White
Bartinney Hourglass Chardonnay 2021,2021,495,"95/100, DWA 2023",Chardonnay,White
Restless River Ava Marie Chardonnay 2021,2021,510,"95/100, PG 2023",Chardonnay,White
Rustenberg Five Soldiers Chardonnay 2021,2021,530,"94/100, DWA 2023",Chardonnay,White
De Wetshof Bateleur Chardonnay 2021,2021,700,"Gold, MV 2023",Chardonnay,White
Leeu Passant Stellenbosch Chardonnay 2021,2021,850,"95/100, PG 2023",Chardonnay,White
Paul Cluver Seven Flags Chardonnay 2021,2021,950,"95/100, DWA 2023",Chardonnay,White
Joostenberg Myburgh Bros Old Vine Chenin Blanc 2021,2021,130,"95/100, DM 2023",Chenin Blanc,White
Leopard's Leap Culinaria Chenin Blanc 2021,2021,130,"93/100, DM 2023",Chenin Blanc,White
Circumstance Chenin Blanc 2021 (Waterkloof),2021,140,"93/100, DM 2023",Chenin Blanc,White
Cape of Good Hope Riebeeksrivier Chenin Blanc 2021 (Rupert),2021,150,"Top 10, CBC 2023",Chenin Blanc,White
La Cave Chenin Blanc (Wellington Wines) 2021,2021,150,"D Gold, VA 2023",Chenin Blanc,White
Perdeberg Dry Land Old Vine Barrel Fermented Chenin Blanc 2021,2021,160,"93/100, DM 2023",Chenin Blanc,White
KWV Mentors Chenin Blanc 2021,2021,169,"93/100, G&G 2023",Chenin Blanc,White
Lievland Old Vine Chenin Blanc 2021,2021,170,"94/100, G&G 2023",Chenin Blanc,White
Stellenbosch Vineyards Credo Chenin Blanc 2021,2021,175,"Best in Class, NWC 2023",Chenin Blanc,White
Knorhoek Chenin Blanc 2021,2021,180,"Gold, MV 2023",Chenin Blanc,White
Delheim Wild Ferment Chenin Blanc 2021,2021,190,"93/100, WM 2023",Chenin Blanc,White
Nederburg Heritage Heroes Anchorman Old Vine Chenin Blanc 2021,2021,190,"Master, GWM 2023",Chenin Blanc,White
Bergsig Patmos Reserve Collection Chenin Blanc 2021,2021,195,"N Winner, SAT 2023",Chenin Blanc,White
Julien Schaal Born of Fire Chenin Blanc 2021,2021,200,"93/100, DM 2023",Chenin Blanc,White
Stellenrust Stellenbosch Manor Barrel Fermented Chenin Blanc 2021,2021,200,"Top 10, CBC 2023",Chenin Blanc,White
Joostenberg Agteros Chenin Blanc 2021,2021,205,"94/100, DM 2023",Chenin Blanc,White
DaschBosch Mossiesdrift Steen (uniWines) 2021 (Chenin),2021,220,"93/100, DM 2023",Chenin Blanc,White
Vrede en Lust Kogelberg Chenin Blanc 2021,2021,220,"93/100, WM 2023",Chenin Blanc,White
Ridgeback Chenin Blanc 2021,2021,225,"Top 100, NWC 2023",Chenin Blanc,White
Strydom Danièle Chenin Blanc 2021,2021,235,"94/100, DM 2023",Chenin Blanc,White
Mhudi Barrel Fermented Chenin Blanc 2021,2021,239,"Master, GWM 2023",Chenin Blanc,White
Painted Wolf Lycaon Old Vine Chenin Blanc 2021,2021,240,"94/100, DWA 2023",Chenin Blanc,White
Eenzaamheid Chenin Blanc 2021,2021,250,"95/100, PG 2023",Chenin Blanc,White
Endura Single Vineyard Chenin Blanc (Perdeberg) 2021,2021,250,"Gold, GWM 2023",Chenin Blanc,White
Zevenwacht Z Chenin Blanc 2021,2021,270,"95/100, DM 2023",Chenin Blanc,White
Alvi's Drift Albertus Viljoen Chenin Blanc 2021,2021,280,"Gold, GWM 2023",Chenin Blanc,White
Roodekrantz Rhenosterbosrug Chenin Blanc 2021,2021,280,"93/100, DM 2023",Chenin Blanc,White
Miles Mossop Chapter Three Chenin Blanc 2021,2021,295,"95/100, DM 2023",Chenin Blanc,White
Miles Mossop Chapter Two Chenin Blanc 2021,2021,295,"93/100, DM 2023",Chenin Blanc,White
Mulderbosch Single Vineyard Chenin Blanc Block W 2021,2021,320,"93/100, DM 2023",Chenin Blanc,White
Ahrens Family Koffieklip OVC 2021 (Chenin),2021,325,"95/100, PG 2023",Chenin Blanc,White
Hogan Chenin Blanc 2021,2021,330,"95/100, DM 2023",Chenin Blanc,White
Survivor Chenin Blanc Reserve (Overhex) 2021,2021,330,"93/100, IWSC 2023",Chenin Blanc,White
Gabriëlskloof Elodie Chenin Blanc 2021,2021,350,"93/100, DM 2023",Chenin Blanc,White
Stark-Condé Monk Stone Chenin Blanc 2021,2021,350,"96/100, DM 2023",Chenin Blanc,White
Thorne & Daughters Cat's Cradle Chenin Blanc 2021,2021,350,"95/100, DM 2023",Chenin Blanc,White
Roodekrantz Die Kliphuis Chenin Blanc 2021,2021,370,"96/100, DM 2023",Chenin Blanc,White
Roodekrantz Donkermaan Chenin Blanc 2021,2021,370,"95/100, DM 2023",Chenin Blanc,White
David & Nadia Rondevlei Chenin Blanc 2021,2021,385,"97/100, DM 2023",Chenin Blanc,White
Raats Family Old Vine Chenin Blanc 2021,2021,395,"95/100, DM 2023",Chenin Blanc,White
L'Avenir Single Block Chenin Blanc 2021,2021,400,"93/100, G&G 2023",Chenin Blanc,White
Rijk's Reserve Chenin Blanc 2021,2021,400,"96/100, PG 2023",Chenin Blanc,White
Beaumont Hope Marguerite 2021 (Chenin),2021,425,"95/100, DM 2023",Chenin Blanc,White
Chamonix Old Vine Steen 2021 (Chenin),2021,440,"95/100, DM 2023",Chenin Blanc,White
Warwick Old Vine Chenin Blanc 2021,2021,450,"Gold, GWM 2023",Chenin Blanc,White
Kleine Zalze Project Z Chenin Blanc 2021,2021,460,"Gold, GWM 2023",Chenin Blanc,White
Rall Ava Chenin Blanc 2021,2021,495,"95/100, DM 2023",Chenin Blanc,White
Ken Forrester FMC 2021 (Chenin),2021,645,"93/100, G&G 2023",Chenin Blanc,White
David & Nadia Plat'bos Chenin Blanc 2021,2021,680,"97/100, DM 2023",Chenin Blanc,White
David & Nadia Skaliekop Chenin Blanc 2021,2021,680,"93/100, DM 2023",Chenin Blanc,White
David & Nadia Hoë-Steen Chenin Blanc 2021,2021,780,"93/100, DM 2023",Chenin Blanc,White
Raats Eden High Density Single Vineyard Chenin Blanc 2021,2021,975,"95/100, DM 2023",Chenin Blanc,White
Rustenberg Fortified Old Vine Muscat of Alexandria 2021,2021,140,"94/100, IWC 2023",Dessert Wine - Fortified,Dessert
Brandvlei Cellar Red Muscadel 2021,2021,65,"D Gold, VA 2023",Dessert Wine - Fortified,Dessert
De Wet Cellar White Muscadel 2021,2021,65,"Best in Class, NWC 2023",Dessert Wine - Fortified,Dessert
Olifantsberg Grenache Blanc 2021,2021,236,"94/100, WM 2023",Grenache Blanc,White
Donkiesbaai Grenache Noir (Guardian Peak) 2021,2021,320,"Trophy, GWC 2023",Grenache Noir,White
Bellevue Malbec 2021,2021,140,"Gold, MC 2023",Malbec,Red
Dornier Malbec 2021,2021,179,"Gold, MC 2023",Malbec,Red
Anura Malbec Reserve 2021,2021,195,"D Gold, VA 2023",Malbec,Red
Vergenoegd Löw Valentina Malbec 2021,2021,250,"N Winner, SAT 2023",Malbec,Red
Mt Vernon Malbec 2021,2021,300,"Winner, MC 2023",Malbec,Red
Fleur du Cap Merlot (Heineken) 2021,2021,125,"Top 20, T10M 2023",Merlot,Red
Le Bonheur Merlot 2021,2021,130,"Top 20, T10M 2023",Merlot,Red
Durbanville Hills Collectors Reserve Merlot 2021,2021,150,"Top 20, T10M 2023",Merlot,Red
Ernie Els Major Series Merlot 2021,2021,230,"93/100, G&G 2023",Merlot,Red
Jordan Black Magic Merlot 2021,2021,231,"Best in Class, NWC 2023",Merlot,Red
Ridgeback Merlot 2021,2021,235,"93/100, G&G 2023",Merlot,Red
Carmen Stevens Merlot 2021,2021,253,"Top 10, T10M 2023",Merlot,Red
Villiera Monro Merlot 2021,2021,325,"95/100, PG 2023",Merlot,Red
DaschBosch Merlot (uniWines) 2021,2021,80,"Gold, MV 2023",Merlot,Red
Kranskop Tannat 2021,2021,150,"N Winner, SAT 2023",Niche Red Varieties,Niche Red
Painted Wolf Darius Carignan 2021,2021,220,"Best in Class, NWC 2023",Niche Red Varieties,Niche Red
Lowerland Tolbos Tannat 2021,2021,325,"94/100, WM 2023",Niche Red Varieties,Niche Red
De Krans Tritonia Verdelho 2021,2021,160,"Best in Class, NWC 2023",Niche White Varieties,Niche White
Springfontein Terroir Selection Chenel 2021,2021,495,"N Winner, SAT 2023",Niche White Varieties,Niche White
Sutherland Emily Petit Verdot (Thelema) 2021,2021,450,"95/100, PG 2023",Petit Verdot,Red
Le Bonheur Petit Verdot Reserve 2021,2021,500,"N Winner, SAT 2023",Petit Verdot,Red
Benguela Cove Vinography Petit Verdot 2021,2021,600,"95/100, PG 2023",Petit Verdot,Red
Leopard's Leap Culinaria Pinot Noir 2021,2021,150,"Gold, MV 2023",Pinot Noir,Red
Bouchard Finlayson Tête de Cuvée Pinot Noir 2021,2021,1529,"93/100, DM 2023",Pinot Noir,Red
De Grendel Op die Berg Pinot Noir 2021,2021,300,"93/100, DWA 2023",Pinot Noir,Red
La Vierge Apogée Pinot Noir 2021,2021,305,"96/100, IWSC 2023",Pinot Noir,Red
David Finlayson Camino Africana Pinot Noir Reserve 2021,2021,365,"95/100, PG 2023",Pinot Noir,Red
Cap Maritime Pinot Noir (Boekenhoutskloof) 2021,2021,445,"95/100, DM 2023",Pinot Noir,Red
Bouchard Finlayson Galpin Peak Pinot Noir 2021,2021,457,"93/100, DWA 2023",Pinot Noir,Red
Kara-Tara Pinot Noir Reserve 2021,2021,590,"95/100, PG 2023",Pinot Noir,Red
Restless River Le Luc Pinot Noir 2021,2021,595,"94/100, DM 2023",Pinot Noir,Red
Shannon RocknRolla Pinot Noir 2021,2021,595,"95/100, PG 2023",Pinot Noir,Red
Stellenbosch Vineyards Credo Pinotage 2021,2021,175,"Top 100, NWC 2023",Pinotage,Red
Survivor Pinotage (Overhex) 2021,2021,200,"95/100, PG 2023",Pinotage,Red
La Cave Pinotage (Wellington Wines) 2021,2021,220,"D Gold, VA 2023",Pinotage,Red
Kanonkop Black Label Pinotage 2021,2021,2350,"96/100, PG 2023",Pinotage,Red
Cecilia Pinotage 2021,2021,245,"95/100, DWA 2023",Pinotage,Red
Groot Phesantekraal Berliet Pinotage 2021,2021,250,"97/100, TWS 2023",Pinotage,Red
Neethlingshof Owl Post Pinotage 2021,2021,299,"95/100, IWSC 2023",Pinotage,Red
Koelenbosch Director's Reserve Pinotage (Koelenhof) 2021,2021,300,"93/100, G&G 2023",Pinotage,Red
Windmeul Legend Pinotage 2021,2021,350,"Top 20, T10P 2023",Pinotage,Red
Diemersdal Journal Pinotage 2021,2021,370,"D Gold, VA 2023",Pinotage,Red
Survivor Pinotage Reserve (Overhex) 2021,2021,440,"Top 10, T10P 2023",Pinotage,Red
Fairview Primo Pinotage 2021,2021,475,"95/100, PG 2023",Pinotage,Red
Kanonkop Pinotage 2021,2021,525,"Gold, GWC 2023",Pinotage,Red
Windmeul Pinotage 2021,2021,70,"95/100, WM 2023",Pinotage,Red
Francois van Niekerk Pinotage 2021,2021,710,"D Gold, VA 2023",Pinotage,Red
Douglas Green Vineyard Friends Pinotage (DGB) 2021,2021,75,"Gold, MV 2023",Pinotage,Red
Stellenrust Pinotage 2021,2021,99,"93/100, IWSC 2023",Pinotage,Red
De Krans Cape Vintage Reserve 2021 (Port),2021,350,"96/100, PG 2023","Port, Sherry",Fortified 
Delaire Graff Cape Vintage 2021 (Port),2021,560,"96/100, PG 2023","Port, Sherry",Fortified 
Leipzig Manor 2021 (Red Blend),2021,105,"Top 100, NWC 2023",Red Blends,Red Blends
Dornier Cocoa Hill Ruby Red 2021,2021,116,"Top 100, NWC 2023",Red Blends,Red Blends
Arendskloof Shiraz Tannat (Eagle's Cliff) 2021,2021,130,"Top 100, NWC 2023",Red Blends,Red Blends
Babylonstoren Babel 2021 (Red Blend),2021,180,"Top 3 Blends, SSA 2023",Red Blends,Red Blends
Boschendal Nicolas 2021 (Red Blend),2021,200,"Gold, MV 2023",Red Blends,Red Blends
Le Riche Richesse 2021 (Red Blend),2021,210,"93/100, DWA 2023",Red Blends,Red Blends
Leopard's Leap Pardus 2021 (Red Blend),2021,220,"Gold, MV 2023",Red Blends,Red Blends
Anysbos Tesame 2021 (Red Blend),2021,330,"95/100, PG 2023",Red Blends,Red Blends
Zorgvliet Silver Myn Argentum 2021 (Red Blend),2021,116,"D Gold, GWC 2023",Red Blends - Bordeaux Style,Red Blends
Diemersdal Private Collection 2021 (Red Blend),2021,200,"95/100, PG 2023",Red Blends - Bordeaux Style,Red Blends
Rustenberg John X Merriman 2021 (Red Blend),2021,240,"96/100, PG 2023",Red Blends - Bordeaux Style,Red Blends
Franschhoek Cellar Last Elephant 2021 (Red Blend),2021,250,"D Gold, VA 2023",Red Blends - Bordeaux Style,Red Blends
Chamonix Troika Reserve 2021 (Red Blend),2021,395,"Gold, CFC 2023",Red Blends - Bordeaux Style,Red Blends
Delaire Graff Botmaskop 2021 (Red Blend),2021,405,"95/100, WM 2023",Red Blends - Bordeaux Style,Red Blends
Meerlust Rubicon 2021 (Red Blend),2021,548,"95/100, PG 2023",Red Blends - Bordeaux Style,Red Blends
Babylonstoren Nebukadnesar 2021 (Red Blend),2021,625,"95/100, PG 2023",Red Blends - Bordeaux Style,Red Blends
Landskroon Cabernet Franc Merlot 2021,2021,95,"Gold, CFC 2023",Red Blends - Bordeaux Style,Red Blends
Agaat John David (Truter) 2021 (Red Blend),2021,135,"Top 10, PCB 2023",Red Blends - Cape Blend,Red Blends
Bellevue Atticus Cape Blend 2021 (Red Blend),2021,145,"Top 6, PCB 2023",Red Blends - Cape Blend,Red Blends
Beyerskloof Synergy Cape Blend 2021 (Red Blend),2021,150,"Top 6, PCB 2023",Red Blends - Cape Blend,Red Blends
Alvi's Drift Reserve Drift Fusion 2021 (Red Blend),2021,165,"Best in Class, NWC 2023",Red Blends - Cape Blend,Red Blends
La Cave Cape Blend (Wellington Wines) 2021,2021,220,"D Gold, VA 2023",Red Blends - Cape Blend,Red Blends
Carl Everson Cape Blend (Opstal) 2021,2021,250,"96/100, PG 2023",Red Blends - Cape Blend,Red Blends
Essay Syrah Cinsault & Grenache & Mourvèdre (MAN) 2021,2021,105,"98/100, TWS 2023",Red Blends - Rhone Style,Red Blends
Zonnebloem Shiraz Mourvèdre Viognier (Heineken) 2021,2021,120,"D Gold, VA 2023",Red Blends - Rhone Style,Red Blends
Hartenberg Doorkeeper Shiraz Mourvèdre Grenache 2021,2021,130,"93/100, G&G 2023",Red Blends - Rhone Style,Red Blends
Fairview Caldera 2021 (Red Blend),2021,170,"95/100, PG 2023",Red Blends - Rhone Style,Red Blends
Mimosa Mysterium 2021 (Red Blend),2021,204,"93/100, G&G 2023",Red Blends - Rhone Style,Red Blends
Lourensford Limited Release SMV 2021,2021,245,"Top 6 Blends, SSA 2023",Red Blends - Rhone Style,Red Blends
Erasmus Family Reserve (Cape Wine Co) 2021 (Red Blend),2021,350,"Top 100, NWC 2023",Red Blends - Rhone Style,Red Blends
Rall Red 2021,2021,365,"95/100, PG 2023",Red Blends - Rhone Style,Red Blends
Saronsberg Full Circle 2021 (Red Blend),2021,620,"Master, GWM 2023",Red Blends - Rhone Style,Red Blends
Fairview Goats do Roam Red Blend 2021,2021,73,"94/100, WM 2023",Red Blends - Rhone Style,Red Blends
Saronsberg Roussanne 2021,2021,200,"95/100, PG 2023",Roussanne,
Lutzville Diamond Collection Sauvignon Blanc 2021,2021,130,"N Winner, SAT 2023",Sauvignon Blanc,White
The Pledge Our Origin Sauvignon Blanc (Le Grand) 2021,2021,150,"Gold, CMS 2023",Sauvignon Blanc,White
Klein Constantia Sauvignon Blanc 2021,2021,185,"95/100, IWC 2023",Sauvignon Blanc,White
Almenkerk Sauvignon Blanc 2021,2021,195,"Gold, CMS 2023",Sauvignon Blanc,White
Vrede en Lust Artisan Blanc Fumé 2021 (Sauvignon Blanc),2021,200,"Gold, CMS 2023",Sauvignon Blanc,White
Kruger Old Vines Sauvignon Blanc 2021,2021,225,"94/100, WM 2023",Sauvignon Blanc,White
Diemersdal Journal Sauvignon Blanc 2021,2021,240,"93/100, WM 2023",Sauvignon Blanc,White
Marianne Sauvignon Blanc 2021,2021,245,"D Gold, VA 2023",Sauvignon Blanc,White
Mellish Bakenkop Blanc Fumé 2021 (Sauvignon Blanc),2021,245,"Gold, GWC 2023",Sauvignon Blanc,White
Lomond Ben Nevis Sauvignon Blanc 2021,2021,250,"Gold, CMS 2023",Sauvignon Blanc,White
Steenberg Black Swan Sauvignon Blanc 2021,2021,260,"93/100, IWC 2023",Sauvignon Blanc,White
Vergelegen Schaapenberg Reserve Sauvignon Blanc 2021,2021,280,"Gold, CMS 2023",Sauvignon Blanc,White
Neil Ellis Amica Sauvignon Blanc 2021,2021,325,"95/100, PG 2023",Sauvignon Blanc,White
Buitenverwachting Maximus 2021 (Sauvignon Blanc),2021,375,"95/100, PG 2023",Sauvignon Blanc,White
KWV Cathedral Cellar Sauvignon Blanc 2021,2021,99,"D Gold, VA 2023",Sauvignon Blanc,White
Pella White Granite Semillon 2021 (Super Single Vyds),2021,180,"95/100, PG 2023",Semillon,White
Benguela Cove Catalina Semillon 2021,2021,1950,"95/100, PG 2023",Semillon,White
Constantia Uitsig Semillon 2021,2021,200,"93/100, WM 2023",Semillon,White
Shannon Triangle Block Semillon 2021,2021,250,"95/100, PG 2023",Semillon,White
Old Road Grand-mére Semillon 2021,2021,350,"95/100, PG 2023",Semillon,White
Pilgrimage Old Vine Semillon (Rickety Bridge) 2021,2021,595,"95/100, PG 2023",Semillon,White
Nederburg Winemasters Shiraz 2021,2021,115,"D Gold, VA 2023",Shiraz / Syrah,Red
Saronsberg Provenance Shiraz 2021,2021,130,"Top 20, SSA 2023",Shiraz / Syrah,Red
Gustus Shiraz (Darling Cellars) 2021,2021,135,"Top 12, SSA 2023",Shiraz / Syrah,Red
Spier Seaward Shiraz 2021,2021,135,"Gold, GWC 2023",Shiraz / Syrah,Red
Tokara Shiraz 2021,2021,140,"D Gold, VA 2023",Shiraz / Syrah,Red
Sunkloof Reserve Shiraz (Stellenview) 2021,2021,142,"Top 20, SSA 2023",Shiraz / Syrah,Red
Durbanville Hills Collectors Reserve Shiraz 2021,2021,165,"94/100, WM 2023",Shiraz / Syrah,Red
Zonnebloem Shiraz (Heineken) 2021,2021,181,"Top 20, SSA 2023",Shiraz / Syrah,Red
Survivor Syrah (Overhex) 2021,2021,200,"94/100, IWSC 2023",Shiraz / Syrah,Red
La Cave Shiraz (Wellington Wines) 2021,2021,220,"Top 20, SSA 2023",Shiraz / Syrah,Red
Kasteelberg Syrah (Riebeek) 2021,2021,240,"93/100, WM 2023",Shiraz / Syrah,Red
Bon Courage Inkará Shiraz 2021,2021,245,"Top 100, NWC 2023",Shiraz / Syrah,Red
Saxenburg Private Collection Syrah 2021,2021,260,"95/100, PG 2023",Shiraz / Syrah,Red
Driehoek Syrah 2021,2021,279,"95/100, PG 2023",Shiraz / Syrah,Red
De Grendel Op die Berg Syrah 2021,2021,310,"N Winner, SAT 2023",Shiraz / Syrah,Red
Harry Hartman Somesay Syrah 2021,2021,330,"D Gold, VA 2023",Shiraz / Syrah,Red
Saronsberg Shiraz 2021,2021,340,"93/100, IWSC 2023",Shiraz / Syrah,Red
"Blueberry Hill Shiraz (ArtiSons, Stellenrust) 2021",2021,395,"95/100, PG 2023",Shiraz / Syrah,Red
La Bri Limited Release Syrah 2021,2021,430,"95/100, PG 2023",Shiraz / Syrah,Red
Mullineux Syrah 2021,2021,445,"95/100, PG 2023",Shiraz / Syrah,Red
Fairview Eenzaamheid Shiraz 2021,2021,475,"94/100, IWSC 2023",Shiraz / Syrah,Red
Kleine Zalze Project Z Syrah 2021,2021,590,"94/100, IWSC 2023",Shiraz / Syrah,Red
Oldenburg Rondekop Stone Axe Syrah 2021,2021,650,"97/100, TWS 2023",Shiraz / Syrah,Red
Quoin Rock Shiraz 2021,2021,650,"Gold, MV 2023",Shiraz / Syrah,Red
Boschkloof Epilogue 2021 (Shiraz),2021,850,"97/100, PG 2023",Shiraz / Syrah,Red
Leeuwenkuil Shiraz 2021,2021,89,"93/100, WM 2023",Shiraz / Syrah,Red
Krone Borealis Brut 2021 (MCC),2021,195,"95/100, IWC 2023",MCC,Sparkling
Simonsig Kaapse Vonkel Brut 2021 (MCC),2021,195,"Gold, MV 2023",MCC,Sparkling
Saronsberg Viognier 2021,2021,180,"Best in Class, NWC 2023",Viognier,White
Lourensford Limited Release Viognier 2021,2021,200,"Gold, MV 2023",Viognier,White
Sadie Family Palladius 2021 (White Blend),2021,1000,"95/100, PG 2023",White Blends,White Blends
Alvi's Drift Reserve CVC 2021 (White Blend),2021,140,"Top 100, NWC 2023",White Blends,White Blends
Retief Reserve Cape White Blend (Van Loveren) 2021,2021,140,"Best in Class, NWC 2023",White Blends,White Blends
Org de Rac Die Waghuis White Blend 2021,2021,199,"94/100, WM 2023",White Blends,White Blends
Muratie Laurens Campher 2021 (White Blend),2021,250,"Gold, GWC 2023",White Blends,White Blends
Grapesmith Mediterraneo (Simonsig) 2021 (White Blend),2021,285,"95/100, PG 2023",White Blends,White Blends
Ahrens Family WhiteBlack 2021 (White Blend),2021,325,"95/100, PG 2023",White Blends,White Blends
Bellingham Freda 2021,2021,400,"97/100, DWA 2023",White Blends,White Blends
Ses'fikile Chenin Blanc Roussanne 2021,2021,83,"95/100, DM 2023",White Blends,White Blends
Forager White (African Pride) 2021,2021,90,"93/100, DM 2023",White Blends,White Blends
Darling Cellars Lady Ann Darling 2021 (White Blend),2021,175,"Gold, CMS 2023",White Blends Bordeaux Style,White Blends
Durbanville Hills Tangram White 2021,2021,230,"94/100, WM 2023",White Blends Bordeaux Style,White Blends
Constantia Glen Two 2021 (White Blend),2021,320,"93/100, DWA 2023",White Blends Bordeaux Style,White Blends
Kershaw GPS Cape South Coast Semillon Sauvignon Blanc 2021,2021,395,"95/100, PG 2023",White Blends Bordeaux Style,White Blends
Kershaw GPS Cape South Coast Semillon Sauvignon Blanc 2021,2021,395,"93/100, IWSC 2023",White Blends Bordeaux Style,White Blends
Vergelegen G.V.B White 2021,2021,500,"97/100, TWS 2023",White Blends Bordeaux Style,White Blends
Delaire Graff White Reserve 2021,2021,535,"97/100, TWS 2023",White Blends Bordeaux Style,White Blends
Groot Constantia Gouverneurs Reserve White 2021,2021,540,"93/100, DWA 2023",White Blends Bordeaux Style,White Blends
Steenberg Magna Carta Sauvignon Blanc Semillon 2021,2021,850,"95/100, PG 2023",White Blends Bordeaux Style,White Blends
Backsberg Patriarch Cabernet Franc 2022,2022,220,"Gold, GWC 2023",Cabernet Franc,Red
Hogan Mirror for the Sun Cabernet Franc 2022,2022,345,"95/100, PG 2023",Cabernet Franc,Red
De Wetshof Limestone Hill Chardonnay 2022,2022,110,"Gold, MV 2023",Chardonnay,White
Paul Cluver Village Chardonnay 2022,2022,125,"94/100, WM 2023",Chardonnay,White
Tokara Chardonnay 2022,2022,125,"93/100, G&G 2023",Chardonnay,White
Spier Seaward Chardonnay 2022,2022,135,"Gold, CM 2023",Chardonnay,White
Kleine Zalze Vineyard Selection Chardonnay 2022,2022,148,"93/100, IWC 2023",Chardonnay,White
Lutzville Diamond Collection Chardonnay 2022,2022,155,"93/100, G&G 2023",Chardonnay,White
De Wetshof Finesse Chardonnay 2022,2022,168,"Gold, MV 2023",Chardonnay,White
Fleur du Cap Unfiltered Chardonnay (Heineken) 2022,2022,170,"Gold, CM 2023",Chardonnay,White
Dieu Donné Chardonnay 2022,2022,190,"93/100, G&G 2023",Chardonnay,White
Journey's End VI Chardonnay 2022,2022,195,"93/100, WM 2023",Chardonnay,White
Blaauwklippen Chardonnay 2022,2022,200,"94/100, WM 2023",Chardonnay,White
Cavalli Reserve Chardonnay 2022,2022,210,"D Gold, VA 2023",Chardonnay,White
Rustenberg Stellenbosch Chardonnay 2022,2022,210,"95/100, IWSC 2023",Chardonnay,White
Louisvale Chardonnay 2022,2022,225,"D Gold, VA 2023",Chardonnay,White
Hogan Galvanised Chardonnay 2022,2022,247,"95/100, PG 2023",Chardonnay,White
Constantia Uitsig Reserve Chardonnay 2022,2022,250,"93/100, DWA 2023",Chardonnay,White
Gabriel & Gysbert Ijsland Chardonnay 2022,2022,250,"95/100, G&G 2023",Chardonnay,White
Survivor Chardonnay (Overhex) 2022,2022,250,"Gold, MV 2023",Chardonnay,White
La Bri Barrel Select Chardonnay 2022,2022,260,"95/100, PG 2023",Chardonnay,White
Tokara Reserve Stellenbosch Chardonnay 2022,2022,260,"D Gold, VA 2023",Chardonnay,White
Oak Valley Groenlandberg Chardonnay 2022,2022,280,"95/100, PG 2023",Chardonnay,White
Rietvallei JMB Chardonnay 2022,2022,280,"Top 100, NWC 2023",Chardonnay,White
Benguela Cove Chardonnay 2022,2022,289,"97/100, TWS 2023",Chardonnay,White
GlenWood Vigneron's Selection Chardonnay 2022,2022,300,"95/100, PG 2023",Chardonnay,White
Journey's End Destination Chardonnay 2022,2022,330,"Master, GWM 2023",Chardonnay,White
Oldenburg Chardonnay 2022,2022,350,"95/100, PG 2023",Chardonnay,White
Bouchard Finlayson Missionvale Chardonnay 2022,2022,352,"93/100, DWA 2023",Chardonnay,White
Creation Reserve Chardonnay 2022,2022,360,"95/100, PG 2023",Chardonnay,White
David Finlayson Camino Africana Shale Terraces Chardonnay 2022,2022,365,"95/100, PG 2023",Chardonnay,White
De Wetshof The Site Chardonnay 2022,2022,368,"Gold, MV 2023",Chardonnay,White
Survivor Cellar Master Series Chardonnay 2022 (Overhex),2022,370,"94/100, IWSC 2023",Chardonnay,White
Delaire Graff Banghoek Reserve Chardonnay 2022,2022,410,"93/100, WM 2023",Chardonnay,White
Haskell Anvil Chardonnay 2022,2022,430,"95/100, PG 2023",Chardonnay,White
Kinkel Chardonnay (Draaiboek) 2022,2022,430,"95/100, PG 2023",Chardonnay,White
Onskuld Chardonnay (Draaiboek) 2022,2022,430,"95/100, PG 2023",Chardonnay,White
Cap Maritime Chardonnay (Boekenhoutskloof) 2022,2022,445,"95/100, PG 2023",Chardonnay,White
Matthew van Heerden Chardonnay 2022,2022,450,"95/100, PG 2023",Chardonnay,White
Plaisir Grand Plaisir White 2022 (Chardonnay),2022,490,"95/100, PG 2023",Chardonnay,White
Weltevrede Poet's Prayer Chardonnay 2022,2022,510,"93/100, G&G 2023",Chardonnay,White
Rustenberg Five Soldiers Chardonnay 2022,2022,530,"94/100, IWSC 2023",Chardonnay,White
Lanzerac Mrs English Single Vineyard Chardonnay 2022,2022,575,"95/100, PG 2023",Chardonnay,White
Storm Ridge Chardonnay 2022,2022,630,"95/100, PG 2023",Chardonnay,White
Storm Vrede Chardonnay 2022,2022,630,"95/100, PG 2023",Chardonnay,White
Douglas Green Chardonnay 2022,2022,69,"Gold, MV 2023",Chardonnay,White
Douglas Green Vineyard Friends Chardonnay 2022 (DGB),2022,70,"Gold, MV 2023",Chardonnay,White
Lutzville Chardonnay 2022,2022,80,"93/100, TWS 2023",Chardonnay,White
Bon Courage Unwooded Chardonnay 2022,2022,83,"96/100, TWS 2023",Chardonnay,White
Nederburg Winemasters Chardonnay 2022,2022,90,"95/100, DWA 2023",Chardonnay,White
Delaire Graff Estate Terraced Block Reserve Chardonnay 2022,2022,915,"94/100, WM 2023",Chardonnay,White
Zonnebloem Chardonnay (Heineken) 2022,2022,95,"Gold, GWM 2023",Chardonnay,White
Paul Cluver Seven Flags Chardonnay 2022,2022,950,"Master, GWM 2023",Chardonnay,White
KWV Cathedral Cellar Chardonnay 2022,2022,99,"Gold, MV 2023",Chardonnay,White
Dornier Pirate of Cocoa Hill Chenin Blanc 2022,2022,103,"93/100, WM 2023",Chenin Blanc,White
Painted Wolf Den Chenin Blanc 2022,2022,105,"93/100, WM 2023",Chenin Blanc,White
Spier Good Natured Organic Chenin Blanc 2022,2022,109,"Gold, GWM 2023",Chenin Blanc,White
Sadie Family Mev Kirsten 2022 (Chenin),2022,1095,"96/100, PG 2023",Chenin Blanc,White
Mulderbosch Steen op Hout Chenin Blanc 2022,2022,110,"Platinum, TEX 2023",Chenin Blanc,White
Wildekrans Chenin Blanc 2022,2022,110,"Top 100, NWC 2023",Chenin Blanc,White
Rietvallei Chenin Blanc 2022,2022,120,"93/100, DM 2023",Chenin Blanc,White
Durbanville Hills Collectors Reserve Chenin Blanc 2022,2022,135,"Gold, GWM 2023",Chenin Blanc,White
Spier Seaward Chenin Blanc 2022,2022,135,"D Gold, VA 2023",Chenin Blanc,White
Kleine Zalze Vineyard Selection Chenin Blanc 2022,2022,148,"Gold, GWM 2023",Chenin Blanc,White
Beaumont Chenin Blanc 2022,2022,150,"95/100, DM 2023",Chenin Blanc,White
Perdeberg Dry Land Old Vine Barrel Fermented Chenin Blanc 2022,2022,160,"D Gold, VA 2023",Chenin Blanc,White
Stellenbosch Vineyards Credo Chenin Blanc 2022,2022,175,"95/100, PG 2023",Chenin Blanc,White
Knorhoek Chenin Blanc 2022,2022,180,"Gold, MV 2023",Chenin Blanc,White
Lievland Old Vine Chenin Blanc 2022,2022,180,"Top 10, CBC 2023",Chenin Blanc,White
Cavalli Reserve Chenin Blanc 2022,2022,185,"93/100, G&G 2023",Chenin Blanc,White
Nederburg Heritage Heroes Anchorman Old Vine Chenin Blanc 2022,2022,190,"93/100, WM 2023",Chenin Blanc,White
Quest Old Vine Chenin Blanc (DTK) 2022,2022,190,"95/100, DWA 2023",Chenin Blanc,White
Stellenrust Stellenbosch Manor Barrel Fermented Chenin Blanc 2022,2022,200,"Top 10, CBC 2023",Chenin Blanc,White
Bellingham Bernard Series Old Vine Chenin Blanc Limited Release 2022,2022,215,"95/100, DWA 2023",Chenin Blanc,White
DaschBosch Mossiesdrift Steen (uniWines) 2022 (Chenin),2022,220,"95/100, PG 2023",Chenin Blanc,White
Groot Phesantekraal Anna de Koning Chenin Blanc 2022,2022,220,"D Gold, GWC 2023",Chenin Blanc,White
Vrede en Lust Kogelberg Chenin Blanc 2022,2022,220,"D Gold, GWC 2023",Chenin Blanc,White
Simonsig Langbult Steen Old Vine Chenin Blanc 2022,2022,235,"Gold, MV 2023",Chenin Blanc,White
Charla Haasbroek Chenin Blanc 2022,2022,250,"95/100, PG 2023",Chenin Blanc,White
Stellenrust Barrel Fermented Chenin Blanc 2022,2022,250,"Trophy, GWC 2023",Chenin Blanc,White
Wildeberg Terroirs Chenin Blanc 2022,2022,260,"93/100, WM 2023",Chenin Blanc,White
Stellenrust Secrets & Lies Old Bush Vine Chenin Blanc 2022,2022,266,"93/100, IWSC 2023",Chenin Blanc,White
Bruce Jack Boer Maak ’n Plan Chenin Blanc 2022,2022,270,"Gold, GWM 2023",Chenin Blanc,White
Kleine Zalze Family Reserve Chenin Blanc 2022,2022,270,"Gold, GWM 2023",Chenin Blanc,White
Zevenwacht Z Chenin Blanc 2022,2022,270,"97/100, TWS 2023",Chenin Blanc,White
Alvi's Drift Albertus Viljoen Chenin Blanc 2022,2022,280,"Top 10, CBC 2023",Chenin Blanc,White
Old Road Anemos Chenin Blanc 2022,2022,290,"Gold, MV 2023",Chenin Blanc,White
Asara Amphora Chenin Blanc 2022,2022,295,"95/100, PG 2023",Chenin Blanc,White
Stellenrust Next FN Level Chenin Blanc 2022,2022,300,"Top 10, CBC 2023",Chenin Blanc,White
Stellenrust Old Bush Vine Chenin Blanc 2022,2022,300,"98/100, PG 2023",Chenin Blanc,White
Donkiesbaai Steen (Guardian Peak) 2022 (Chenin),2022,320,"93/100, DWA 2023",Chenin Blanc,White
Cederberg Five Generations Chenin Blanc 2022,2022,325,"93/100, DWA 2023",Chenin Blanc,White
Metzer Maritime Chenin Blanc 2022,2022,330,"95/100, PG 2023",Chenin Blanc,White
Stark-Condé Monk Stone Chenin Blanc 2022,2022,350,"96/100, PG 2023",Chenin Blanc,White
Harry Hartman Church Swartland Chenin Blanc 2022,2022,360,"93/100, WM 2023",Chenin Blanc,White
Savage Never Been Asked to Dance 2022 (Chenin),2022,365,"97/100, PG 2023",Chenin Blanc,White
Carinus Polkadraai Heuwels Chenin Blanc 2022,2022,385,"95/100, PG 2023",Chenin Blanc,White
Piekenierskloof Bergendal Old Vine Chenin Blanc 2022,2022,400,"93/100, DM 2023",Chenin Blanc,White
Bosman Optenhorst Chenin Blanc 2022,2022,415,"96/100, PG 2023",Chenin Blanc,White
Beaumont Hope Marguerite 2022 (Chenin),2022,425,"95/100, PG 2023",Chenin Blanc,White
DeMorgenzon Reserve Chenin Blanc 2022,2022,445,"97/100, PG 2023",Chenin Blanc,White
Botanica Mary Delany Chenin Blanc 2022,2022,450,"95/100, PG 2023",Chenin Blanc,White
Revenge of the Crayfish (Sakkie Mouton) 2022 (Chenin),2022,450,"95/100, PG 2023",Chenin Blanc,White
Sadie Family Rotsbank 2022 (Chenin),2022,495,"96/100, PG 2023",Chenin Blanc,White
Sadie Family Skurfberg 2022 (Chenin),2022,495,"96/100, PG 2023",Chenin Blanc,White
"Mothership Chenin Blanc (ArtiSons, Stellenrust) 2022",2022,520,"Gold, GWC 2023",Chenin Blanc,White
City on a Hill Earth 2022 (Chenin),2022,525,"98/100, PG 2023",Chenin Blanc,White
Douglas Green Chenin Blanc 2022,2022,59,"Gold, TEX 2023",Chenin Blanc,White
Mullineux Granite Chenin Blanc 2022,2022,630,"97/100, PG 2023",Chenin Blanc,White
Mullineux Schist Chenin Blanc 2022,2022,630,"97/100, PG 2023",Chenin Blanc,White
Backsberg Gravel Road Chenin Blanc (DGB) 2022,2022,70,"Gold, MV 2023",Chenin Blanc,White
Ken Forrester FMC 2022 (Chenin),2022,775,"Top 100, NWC 2023",Chenin Blanc,White
MAN Free-run Steen Chenin Blanc 2022,2022,90,"97/100, TWS 2023",Chenin Blanc,White
David & Nadia Plat'bos Chenin Blanc 2022,2022,900,"95/100, PG 2023",Chenin Blanc,White
Bellevue Eselgraf Single Vineyard Chenin Blanc 2022,2022,95,"94/100, WM 2023",Chenin Blanc,White
Stories Cinsaut (Pulpit Rock) 2022,2022,100,"D Gold, VA 2023",Cinsault,Red
Welbedacht Bakleiblok 2022 (Cinsault),2022,150,"N Winner, SAT 2023",Cinsault,Red
Eenzaamheid Cinsaut 2022,2022,190,"95/100, PG 2023",Cinsault,Red
Savage Follow the Line 2022 (Cinsaut),2022,345,"95/100, PG 2023",Cinsault,Red
Rickety Bridge Paulina's Reserve Old Vine Cinsault 2022,2022,495,"D Gold, VA 2023",Cinsault,Red
Van Loggerenberg Lotter 2022 (Cinsaut),2022,535,"95/100, PG 2023",Cinsault,Red
Perdeberg Vineyard Collection Grenache Blanc 2022,2022,100,"94/100, DWA 2023",Grenache Blanc,White
Piekenierskloof Grenache Blanc 2022,2022,120,"95/100, DWA 2023",Grenache Blanc,White
Arbeidsgenot Grenache Blanc 2022,2022,150,"N Winner, SAT 2023",Grenache Blanc,White
Riebeek Cellars Raar Grenache Blanc 2022,2022,164,"95/100, PG 2023",Grenache Blanc,White
Foundry Grenache Blanc 2022,2022,250,"95/100, PG 2023",Grenache Blanc,White
Kleine Zalze Vineyard Selection Grenache 2022,2022,199,"D Gold, GWC 2023",Grenache Noir,White
Elemental Bob Turkish 2022 (Grenache Noir),2022,280,"95/100, PG 2023",Grenache Noir,White
Kleine Zalze Project Z Grenache 2022,2022,590,"96/100, PG 2023",Grenache Noir,White
Blake's Single Vineyard Malbec 2022,2022,110,"Gold, MC 2023",Malbec,Red
Fairview Malbec 2022,2022,125,"Gold, MC 2023",Malbec,Red
Le Pommier Jonathan's Malbec 2022,2022,180,"Gold, MC 2023",Malbec,Red
Diemersfontein Carpe Diem Malbec Reserve 2022,2022,260,"Gold, MC 2023",Malbec,Red
Doolhof Single Vineyard Malbec 2022,2022,295,"D Gold, GWC 2023",Malbec,Red
Nabygelegen Merlot 2022,2022,125,"Top 10, T10M 2023",Merlot,Red
Boplaas Touriga Naçional 2022,2022,105,"N Winner, SAT 2023",Niche Red Varieties,Niche Red
Arbeidsgenot Verdelho 2022,2022,150,"N Winner, SAT 2023",Niche White Varieties,Niche White
Oak Valley Groenlandberg Pinot Noir 2022,2022,280,"Top 100, NWC 2023",Pinot Noir,Red
De Grendel Op die Berg Pinot Noir 2022,2022,300,"D Gold, VA 2023",Pinot Noir,Red
David Finlayson Camino Africana Pinot Noir Reserve 2022,2022,365,"Top 5, T5P 2023",Pinot Noir,Red
Crystallum Cuvée Cinéma Pinot Noir 2022,2022,400,"95/100, DM 2023",Pinot Noir,Red
Emily's Pinot Noir (Urle Hansen) 2022,2022,400,"Top 5, T5P 2023",Pinot Noir,Red
Saurwein Om Pinot Noir 2022,2022,530,"93/100, DM 2023",Pinot Noir,Red
Storm Ignis Pinot Noir 2022,2022,630,"95/100, PG 2023",Pinot Noir,Red
Crystallum Bona Fide Pinot Noir 2022,2022,667,"95/100, PG 2023",Pinot Noir,Red
Art of Creation Pinot Noir 2022,2022,940,"95/100, DM 2023",Pinot Noir,Red
Warwick First Lady Pinotage 2022,2022,120,"94/100, WM 2023",Pinotage,Red
Mooiplaas Pinotage 2022,2022,155,"95/100, WM 2023",Pinotage,Red
Diemersdal Pinotage Reserve 2022,2022,190,"D Gold, GWC 2023",Pinotage,Red
illimis Pinotage 2022,2022,248,"93/100, WM 2023",Pinotage,Red
De Grendel Amandelboord Pinotage 2022,2022,300,"95/100, WM 2023",Pinotage,Red
Fryer's Cove Grenache Cinsault 2022,2022,150,"94/100, IWSC 2023",Red Blends,Red Blends
Chocolate Block (Boekenhoutskloof) 2022 (Red Blend),2022,280,"95/100, PG 2023",Red Blends,Red Blends
Savage Are We There Yet? 2022 (Red Blend),2022,345,"95/100, PG 2023",Red Blends,Red Blends
Hogan Divergent 2022 (Red Blend),2022,375,"95/100, PG 2023",Red Blends,Red Blends
Wildeberg Red 2022,2022,403,"Top 12, SSA 2023",Red Blends,Red Blends
Nederburg Baronne 2022 (Red Blend),2022,75,"Gold, GWC 2023",Red Blends,Red Blends
Wildeberg Coterie Grenache & Syrah 2022,2022,181,"93/100, WM 2023",Red Blends - Rhone Style,Red Blends
Harry Hartman Finn 2022 (Red Blend),2022,195,"93/100, WM 2023",Red Blends - Rhone Style,Red Blends
Wolftrap Red 2022 (Boekenhoutskloof),2022,70,"95/100, IWSC 2023",Red Blends - Rhone Style,Red Blends
Vrede en Lust Early Mist Riesling 2022,2022,130,"Top 100, NWC 2023",Riesling,
Jordan Real McCoy Riesling 2022,2022,167,"Gold, GWC 2023",Riesling,
Kruger Family Reserve Rosé 2022 (Stellenview),2022,155,"94/100, IWSC 2023",Rosé,Rosé
Blaauwklippen Blush Rosé 2022,2022,160,"Gold, GWC 2023",Rosé,Rosé
Arbeidsgenot Roussanne 2022,2022,150,"N Winner, SAT 2023",Roussanne,
Saronsberg Sauvignon Blanc 2022,2022,100,"Top 100, NWC 2023",Sauvignon Blanc,White
Maastricht Sauvignon Blanc 2022,2022,105,"Gold, CMS 2023",Sauvignon Blanc,White
Spier Good Natured Sauvignon Blanc 2022,2022,109,"Gold, CMS 2023",Sauvignon Blanc,White
Bellingham Homestead Sauvignon Blanc 2022,2022,110,"Gold, MV 2023",Sauvignon Blanc,White
Rustenberg Stellenbosch Sauvignon Blanc 2022,2022,110,"Gold, CMS 2023",Sauvignon Blanc,White
Allée Bleue Sauvignon Blanc 2022,2022,115,"93/100, WM 2023",Sauvignon Blanc,White
Buitenverwachting Sauvignon Blanc 2022,2022,120,"D Gold, VA 2023",Sauvignon Blanc,White
Walker Bay Sauvignon Blanc 2022,2022,125,"D Gold, VA 2023",Sauvignon Blanc,White
Diemersdal Sauvignon Blanc Reserve 2022,2022,130,"94/100, WM 2023",Sauvignon Blanc,White
Durbanville Hills Collectors Reserve Sauvignon Blanc 2022,2022,135,"97/100, TWS 2023",Sauvignon Blanc,White
Spier Seaward Sauvignon Blanc 2022,2022,135,"Gold, CM 2023",Sauvignon Blanc,White
Fryer's Cove Sauvignon Blanc 2022,2022,139,"Gold, MV 2023",Sauvignon Blanc,White
Alvi's Drift Reserve Sauvignon Blanc 2022,2022,140,"Top 100, NWC 2023",Sauvignon Blanc,White
Flagstone Free Run Sauvignon Blanc 2022,2022,140,"Top 20, ST10 2023",Sauvignon Blanc,White
Rustenberg Wild Ferment Sauvignon Blanc 2022,2022,140,"95/100, DWA 2023",Sauvignon Blanc,White
The Pledge Our Origin Sauvignon Blanc (Le Grand) 2022,2022,150,"Top 10, ST10 2023",Sauvignon Blanc,White
Zorgvliet Single Vineyard Sauvignon Blanc 2022,2022,150,"Top 10, ST10 2023",Sauvignon Blanc,White
Grand Vin de Stellenbosch Sauvignon Blanc (Le Grand) 2022,2022,156,"Gold, CMS 2023",Sauvignon Blanc,White
Blaauwklippen Sauvignon Blanc 2022,2022,160,"Gold, CMS 2023",Sauvignon Blanc,White
Giant Periwinkle Wind Scorpion 2022 (Sauvignon Blanc),2022,160,"95/100, PG 2023",Sauvignon Blanc,White
Tokara Reserve Elgin Sauvignon Blanc 2022,2022,168,"Top 10, ST10 2023",Sauvignon Blanc,White
La Motte Pierneef Sauvignon Blanc 2022,2022,170,"Gold, MV 2023",Sauvignon Blanc,White
Uva Mira The Mira Sauvignon Blanc 2022,2022,170,"Gold, MV 2023",Sauvignon Blanc,White
Benguela Cove Vinography Sauvignon Blanc 2022,2022,180,"D Gold, VA 2023",Sauvignon Blanc,White
Hasher Fat Lady Sauvignon Blanc 2022,2022,180,"95/100, PG 2023",Sauvignon Blanc,White
Lomond Pincushion Sauvignon Blanc 2022,2022,180,"95/100, PG 2023",Sauvignon Blanc,White
Strandveld Pofadderbos Sauvignon Blanc 2022,2022,180,"95/100, PG 2023",Sauvignon Blanc,White
Du Toitskloof Old Vine Sauvignon Blanc 2022,2022,190,"94/100, WM 2023",Sauvignon Blanc,White
Christiena Trousseau Sauvignon Blanc (Van Loveren) 2022,2022,195,"Top 100, NWC 2023",Sauvignon Blanc,White
Maastricht Contour Sauvignon Blanc 2022,2022,195,"D Gold, VA 2023",Sauvignon Blanc,White
Cape Point Reserve Sauvignon Blanc 2022,2022,210,"93/100, IWSC 2023",Sauvignon Blanc,White
Villiera Bush Vine Sauvignon Blanc 2022,2022,210,"Trophy, CMS 2023",Sauvignon Blanc,White
De Grendel Koetshuis Sauvignon Blanc 2022,2022,225,"Top 10, ST10 2023",Sauvignon Blanc,White
Buitenverwachting Hussey's Vlei Sauvignon Blanc 2022,2022,235,"95/100, PG 2023",Sauvignon Blanc,White
Diemersdal Journal Sauvignon Blanc 2022,2022,240,"97/100, PG 2023",Sauvignon Blanc,White
Steenberg Black Swan Sauvignon Blanc 2022,2022,260,"Top 10, ST10 2023",Sauvignon Blanc,White
Diemersdal Wild Horseshoe Sauvignon Blanc 2022,2022,265,"95/100, PG 2023",Sauvignon Blanc,White
Stark-Condé Round Mountain Sauvignon Blanc 2022,2022,265,"Top 10, ST10 2023",Sauvignon Blanc,White
Iona Wild Ferment Sauvignon Blanc 2022,2022,270,"Top 20, ST10 2023",Sauvignon Blanc,White
Kleine Zalze Family Reserve Sauvignon Blanc 2022,2022,270,"Top 10, ST10 2023",Sauvignon Blanc,White
Zevenwacht Z Sauvignon Blanc 2022,2022,270,"95/100, PG 2023",Sauvignon Blanc,White
Waterkloof Sauvignon Blanc 2022,2022,300,"95/100, PG 2023",Sauvignon Blanc,White
Ghost Corner Wild Ferment Sauvignon Blanc (Cederberg Cellar) 2022,2022,310,"95/100, PG 2023",Sauvignon Blanc,White
Thorne & Daughters Snakes & Ladders 2022 (Sauvignon Blanc),2022,350,"95/100, PG 2023",Sauvignon Blanc,White
Klein Constantia Perdeblokke Sauvignon Blanc 2022,2022,650,"95/100, PG 2023",Sauvignon Blanc,White
Brampton Sauvignon Blanc 2022,2022,80,"Gold, MV 2023",Sauvignon Blanc,White
Franschhoek Cellar Sauvignon Blanc 2022,2022,80,"Gold, MV 2023",Sauvignon Blanc,White
Spier Sauvignon Blanc 2022,2022,80,"Gold, CMS 2023",Sauvignon Blanc,White
Durbanville Hills Sauvignon Blanc 2022,2022,90,"Gold, CMS 2023",Sauvignon Blanc,White
Groot Phesantekraal Sauvignon Blanc 2022,2022,94,"Gold, CMS 2023",Sauvignon Blanc,White
Land's End Cape South Coast Sauvignon Blanc (DTK) 2022,2022,95,"D Gold, VA 2023",Sauvignon Blanc,White
KWV Cathedral Cellar Sauvignon Blanc 2022,2022,99,"96/100, TWS 2023",Sauvignon Blanc,White
Thor Lara Semillon 2022,2022,200,"94/100, WM 2023",Semillon,White
Constantia Uitsig Semillon 2022,2022,220,"94/100, DWA 2023",Semillon,White
Steenberg Semillon 2022,2022,260,"96/100, PG 2023",Semillon,White
Wildeberg White 2022 (Semillon),2022,403,"95/100, PG 2023",Semillon,White
Sadie Family Kokerboom 2022 (Semillon),2022,495,"95/100, PG 2023",Semillon,White
Diemersdal Syrah 2022,2022,190,"95/100, PG 2023",Shiraz / Syrah,Red
Metzer Shiraz 2022,2022,350,"95/100, PG 2023",Shiraz / Syrah,Red
"Sons of Sugarland Syrah (Patatsfontein, Boschkloof) 2022",2022,415,"96/100, PG 2023",Shiraz / Syrah,Red
Dawn of The Salty Tongues Syrah 2022 (Sakkie Mouton),2022,508,"95/100, PG 2023",Shiraz / Syrah,Red
Van Loggerenberg Graft 2022 (Shiraz),2022,670,"96/100, PG 2023",Shiraz / Syrah,Red
Stellenrust Shiraz 2022,2022,99,"Top 100, NWC 2023",Shiraz / Syrah,Red
Bruce Jack Reserve Viognier 2022,2022,150,"Gold, GWC 2023",Viognier,White
Lourensford Limited Release Viognier 2022,2022,200,"95/100, PG 2023",Viognier,White
Ridgeback Viognier 2022,2022,250,"Top 100, NWC 2023",Viognier,White
Deetlefs Signature Viognier 2022,2022,495,"N Winner, SAT 2023",Viognier,White
Spier Yellowwood Organic White 2022,2022,130,"Gold, MV 2023",White Blends,White Blends
Leeuwenkuil Reserve White 2022,2022,135,"96/100, PG 2023",White Blends,White Blends
Circle of Life White (Waterkloof) 2022,2022,160,"94/100, DWA 2023",White Blends,White Blends
Cavalli Cremello 2022 (White Blend),2022,210,"93/100, WM 2023",White Blends,White Blends
Sutherland Viognier Roussanne (Thelema) 2022,2022,220,"95/100, PG 2023",White Blends,White Blends
Muratie Laurens Campher 2022 (White Blend),2022,250,"93/100, IWSC 2023",White Blends,White Blends
Stark-Condé Field Blend 2022 (White Blend),2022,265,"93/100, DWA 2023",White Blends,White Blends
Vondeling Babiana 2022 (White Blend),2022,295,"Gold, GWC 2023",White Blends,White Blends
Thorne & Daughters Rocking Horse Cape White 2022,2022,305,"95/100, PG 2023",White Blends,White Blends
Fairview Beryl Back 2022 (White Blend),2022,330,"96/100, PG 2023",White Blends,White Blends
Brookdale Bradbourne 2022 (White Blend),2022,350,"93/100, TWS 2023",White Blends,White Blends
Rall White 2022,2022,365,"95/100, PG 2023",White Blends,White Blends
Brookdale Sixteen Field Blend 2022 (White Blend),2022,380,"95/100, PG 2023",White Blends,White Blends
Mullineux Old Vines White 2022,2022,415,"95/100, PG 2023",White Blends,White Blends
Beaumont New Baby 2022 (White Blend),2022,450,"96/100, PG 2023",White Blends,White Blends
Sadie Family Skerpioen 2022 (White Blend),2022,495,"95/100, PG 2023",White Blends,White Blends
Tien Uur (Brandvlei) 2022 (White Blend),2022,85,"93/100, G&G 2023",White Blends,White Blends
Flagstone Treaty Tree Reserve Sauvignon Blanc Semillon 2022 (White Blend),2022,140,"N Winner, SAT 2023",White Blends Bordeaux Style,White Blends
Wildeberg Coterie Semillon Sauvignon Blanc 2022,2022,181,"95/100, WM 2023",White Blends Bordeaux Style,White Blends
Boschendal Suzanne 2022 (White Blend),2022,250,"93/100, WM 2023",White Blends Bordeaux Style,White Blends
Journey's End Collectors Series Sauvignon Blanc Semillon 2022,2022,330,"94/100, WM 2023",White Blends Bordeaux Style,White Blends
Cape Point Isliedh 2022 (White Blend),2022,400,"93/100, IWSC 2023",White Blends Bordeaux Style,White Blends
Quoin Rock White Blend 2022,2022,400,"94/100, WM 2023",White Blends Bordeaux Style,White Blends
De Wetshof Limestone Hill Chardonnay 2023,2023,110,"D Gold, VA 2023",Chardonnay,White
Backsberg Smuggled Vines Chardonnay (DGB) 2023,2023,175,"Gold, MV 2023",Chardonnay,White
De Wetshof Bon Vallon Chardonnay 2023,2023,175,"Gold, MV 2023",Chardonnay,White
Merwida Papenkuils Kukumakranka Unwooded Chardonnay 2023,2023,75,"D Gold, VA 2023",Chardonnay,White
Franschhoek Cellar Chardonnay 2023,2023,90,"Gold, GWM 2023",Chardonnay,White
Nabygelegen Chenin Blanc 2023,2023,110,"D Gold, VA 2023",Chenin Blanc,White
Ashton Winery Chenin Blanc 2023,2023,63,"D Gold, VA 2023",Chenin Blanc,White
Alvi's Drift Chenin Blanc 2023,2023,75,"D Gold, VA 2023",Chenin Blanc,White
Backsberg Gravel Road Chenin Blanc (DGB) 2023,2023,75,"Gold, MV 2023",Chenin Blanc,White
Groot Phesantekraal Chenin Blanc 2023,2023,84,"D Gold, VA 2023",Chenin Blanc,White
Simonsig Chenin Blanc 2023,2023,85,"Gold, MV 2023",Chenin Blanc,White
Franschhoek Cellar Chenin Blanc 2023,2023,90,"Gold, MV 2023",Chenin Blanc,White
Neethlingshof Gewürztraminer 2023,2023,100,"N Winner, SAT 2023",Niche White Varieties,Niche White
De Wetshof Lilya Dry Rosé 2023,2023,110,"Best in Class, NWC 2023",Rosé,Rosé
Riebeek Cellars Pinotage Rosé 2023,2023,68,"Winner, RR 2023",Rosé,Rosé
Rooiberg Pinotage Rosé 2023,2023,69,"Top 5, PRC 2023",Rosé,Rosé
Windmeul Pinotage Rosé 2023,2023,70,"Top 5, PRC 2023",Rosé,Rosé
Du Toitskloof Pinotage Rosé 2023,2023,75,"D Gold, VA 2023",Rosé,Rosé
Landskroon Blanc de Noir Pinotage Off Dry 2023,2023,80,"Top 5, PRC 2023",Rosé,Rosé
Simonsig Needless to Say Rosé 2023,2023,85,"Gold, MV 2023",Rosé,Rosé
Villion Rosa Rabbedoe Rosé 2023,2023,85,"Top Rosé, SSA 2023",Rosé,Rosé
Cederberg Sustainable Rosé 2023,2023,90,"Top 3 Rosé, SSA 2023",Rosé,Rosé
Maastricht Pinotage Rosé 2023,2023,95,"Top 5, PRC 2023",Rosé,Rosé
Bellingham Homestead Sauvignon Blanc 2023,2023,110,"Gold, MV 2023",Sauvignon Blanc,White
Tokara Sauvignon Blanc 2023,2023,110,"Gold, GWM 2023",Sauvignon Blanc,White
Nitida Sauvignon Blanc 2023,2023,115,"Top 10, ST10 2023",Sauvignon Blanc,White
Simonsig Sunbird Sauvignon Blanc 2023,2023,115,"Top 20, ST10 2023",Sauvignon Blanc,White
Zevenwacht Sauvignon Blanc 2023,2023,115,"Top 20, ST10 2023",Sauvignon Blanc,White
Von Blonde Sauvignon Blanc 2023,2023,120,"93/100, WM 2023",Sauvignon Blanc,White
Diemersdal Sauvignon Blanc Reserve 2023,2023,130,"95/100, PG 2023",Sauvignon Blanc,White
Spier Seaward Sauvignon Blanc 2023,2023,135,"Top 10, ST10 2023",Sauvignon Blanc,White
Kleine Zalze Vineyard Selection Sauvignon Blanc 2023,2023,148,"Top 20, ST10 2023",Sauvignon Blanc,White
Quoin Rock Sauvignon Blanc 2023,2023,150,"93/100, G&G 2023",Sauvignon Blanc,White
Cape of Good Hope Altima Sauvignon Blanc (Rupert) 2023,2023,155,"95/100, PG 2023",Sauvignon Blanc,White
Die Kat se Snor Sauvignon Blanc 2023,2023,170,"95/100, PG 2023",Sauvignon Blanc,White
Stellenbosch Vineyards Sauvignon Blanc 2023,2023,85,"D Gold, VA 2023",Sauvignon Blanc,White
Bon Courage Gooseberry Bush Sauvignon Blanc 2023,2023,88,"D Gold, VA 2023",Sauvignon Blanc,White
Spier Creative Block 2 2022 (White Blend),2022,145,"Gold, MV 2023",White Blends Bordeaux Style,White Blends
Spier Creative Block 3 2019 (Red Blend),2019,215,"Gold, MV 2023",Red Blends - Rhone Style,Red Blends
Spier Creative Block 5 2020 (Red Blend),2020,215,"D Gold, VA 2023",Red Blends - Bordeaux Style,Red Blends
Van Loveren Chenin Blanc No. 5 2023,2023,85,"D Gold, VA 2023",Chenin Blanc,White
Meinert 6Chen 2018 (Chenin),2018,270,"95/100, DM 2023",Chenin Blanc,White
The Pledge 10 Sauvignon Blanc (Le Grand) 2019,2019,150,"Top 20, ST10 2023",Sauvignon Blanc,White
Old Road 12 Mile Syrah 2021,2021,270,"97/100, TWS 2023",Shiraz / Syrah,Red
"Le Lude Vintage Cuvée 2013 (MCC, 1.5 litre)",2013,1600,"96/100, PG 2023",MCC,Sparkling
High Road Cabernet Sauvignon Reserve 2019 (1.5L),2019,1500,"96/100, PG 2023",Cabernet Sauvignon,Red
De Grendel Elim Shiraz 2020 (1.5 litre),2020,975,"94/100, WM 2023",Shiraz / Syrah,Red
De Grendel Elim Shiraz 2021 (1.5 litre),2021,975,"95/100, PG 2023",Shiraz / Syrah,Red
Spier 21 Gables Pinotage 2018,2018,320,"Top 10, T10P 2023",Pinotage,Red
Spier 21 Gables Cabernet Sauvignon 2019,2019,350,"94/100, G&G 2023",Cabernet Sauvignon,Red
Spier 21 Gables Chenin Blanc 2021,2021,290,"D Gold, VA 2023",Chenin Blanc,White
Stellenrust B28 Chenin Blanc 2022,2022,200,"Top 10, CBC 2023",Chenin Blanc,White
Kershaw Deconstructed Kogelberg Sandstone CY76 Chardonnay 2021,2021,1250,"95/100, PG 2023",Chardonnay,White
Lourensford 'Cuvée 124' Brut Zero 2011 (MCC),2011,550,"D Gold, CCC 2023",MCC,Sparkling
Graham Beck Artisan Collection Extra Brut 157 2009 (MCC),2009,650,"95/100, PG 2023",MCC,Sparkling
Nuy Barbieri Idro Red Muscadel 2015 (500ml),2015,317,"N Winner, SAT 2023",Dessert Wine - Fortified,Dessert
Alvi's Drift Reserve Muscat Nectarinia 2017 (375ml),2017,189,"D Gold, VA 2023",Dessert Wine - Fortified,Dessert
"Groot Constantia Grand Constance 2018 (Natural Sweet, 375ml)",2018,815,"Top 100, NWC 2023",Dessert Wine - Unfortified,Dessert
"Vin de Constance (Klein Constantia) 2019 (500ml, Natural Sweet)",2019,1400,"95/100, PG 2023",Dessert Wine - Unfortified,Dessert
"Vin de Constance (Klein Constantia) 2020 (500ml, Natural Sweet)",2020,1400,"97/100, PG 2023",Dessert Wine - Unfortified,Dessert
Villa Esposto Muscat d'Alexandrie Straw Wine (Klawer) 2021 (375ml),2021,130,"D Gold, VA 2023",Dessert Wine - Unfortified,Dessert
Paul Wallace Nix Noble Late Harvest 2021 (375ml),2021,280,"Top 100, NWC 2023",Dessert Wine - Unfortified,Dessert
"Delheim Edelspatz Botrytis Riesling 2021 (375ml, Noble Late Harvest)",2021,395,"93/100, IWSC 2023",Dessert Wine - Unfortified,Dessert
Paul Cluver Riesling Noble Late Harvest 2021 (375ml),2021,500,"95/100, DWA 2023",Dessert Wine - Unfortified,Dessert
Boschendal Vin D'Or Noble Late Harvest 2021 (375ml),2021,520,"95/100, PG 2023",Dessert Wine - Unfortified,Dessert
Perdeberg Dry Land Fortitude Fortified Chenin Blanc 2021 (500ml),2021,150,"D Gold, VA 2023",Chenin Blanc,White
Perdeberg Dry Land Fortitude Fortified Chenin Blanc 2021 (500ml),2021,150,"D Gold, VA 2023",Dessert Wine - Fortified,Dessert
Villa Esposto Muscat d'Alexandrie Straw Wine (Klawer) 2022 (375ml),2022,130,"N Winner, SAT 2023",Dessert Wine - Unfortified,Dessert
Nederburg Winemasters Noble Late Harvest 2022 (375ml),2022,135,"94/100, IWSC 2023",Dessert Wine - Unfortified,Dessert
"Savage Not Tonight Josephine 2022 (Straw Wine, 375ml)",2022,470,"96/100, PG 2023",Dessert Wine - Unfortified,Dessert
Mullineux Straw Wine 2022 (375ml),2022,648,"95/100, PG 2023",Dessert Wine - Unfortified,Dessert
"Fairview La Beryl Blanc 2022 (Straw Wine, 500ml)",2022,340,"Wine of the Yr, NWC 2023",Dessert Wine - Unfortified,Dessert
Alvi's Drift 221 Chenin Blanc 2021,2021,105,"93/100, DM 2023",Chenin Blanc,White
Alvi's Drift 221 Pinotage 2021,2021,120,"Top 100, NWC 2023",Pinotage,Red
Alvi's Drift 221 Chenin Blanc 2022,2022,105,"Top 100, NWC 2023",Chenin Blanc,White
De Trafford Elevation '393' 2017 (Red Blend),2017,1200,"95/100, PG 2023",Red Blends,Red Blends
Kershaw Deconstructed Kogelberg Ironstone CY548 Chardonnay 2021,2021,1250,"95/100, PG 2023",Chardonnay,White
Stellenbosch '1679' Legacy (Koelenhof) 2019 (Red Blend),2019,575,"Gold, CM 2023",Red Blends - Bordeaux Style,Red Blends
Stellenbosch '1679' Cabernet Sauvignon (Koelenhof) 2020,2020,425,"93/100, WM 2023",Cabernet Sauvignon,Red
Stellenbosch '1679' Old Vine Pinotage (Koelenhof) 2020,2020,375,"93/100, WM 2023",Pinotage,Red
Stellenbosch '1679' Legacy (Koelenhof) 2020 (Red Blend),2020,575,"Top 100, NWC 2023",Red Blends - Bordeaux Style,Red Blends
Stellenbosch '1679' Old Vine Pinotage (Koelenhof) 2021,2021,375,"D Gold, VA 2023",Pinotage,Red
Stellenbosch '1679' Bush Vine Chenin Blanc (Koelenhof) 2022,2022,230,"95/100, IWSC 2023",Chenin Blanc,White
Boschendal 1685 Pinotage 2020,2020,160,"Gold, MV 2023",Pinotage,Red
Rust en Vrede '1694 Classification' 2018 (Red Blend),2018,2000,"97/100, DWA 2023",Red Blends,Red Blends
Kaapzicht 1947 Chenin Blanc 2022,2022,730,"93/100, G&G 2023",Chenin Blanc,White
Bellevue 1953 Single Vineyard Pinotage 2019,2019,595,"95/100, PG 2023",Pinotage,Red
"Buitenverwachting '1769' 2020 (Noble Late Harvest, 500ml)",2020,380,"97/100, TWS 2023",Dessert Wine - Unfortified,Dessert
KWV Cape Tawny NV (Port),NA,99,"97/100, PG 2023","Port, Sherry",Fortified 
Vinay Vin Rosé NV (Slanghoek),NA,42,"N Winner, SAT 2023",Rosé,Rosé
Louisvale Chardonnay Pinot Noir Rosé Brut NV (MCC),NA,165,"Best in Class, CCC 2023",MCC,Sparkling
Villiera Tradition Brut NV (MCC),NA,171,"93/100, DWA 2023",MCC,Sparkling
Alvi's Drift Brut Chardonnay Pinot Noir NV (MCC),NA,190,"D Gold, VA 2023",MCC,Sparkling
Pongrácz Brut NV (Heineken) (MCC),NA,190,"Grand Gold, CM 2023",MCC,Sparkling
Boschendal Brut Rosé NV (MCC),NA,200,"Gold, MV 2023",MCC,Sparkling
Christiena Trousseau Brut NV (Van Loveren) (MCC),NA,225,"Top 100, NWC 2023",MCC,Sparkling
Rickety Bridge Blanc de Blanc NV (MCC),NA,230,"Top 100, NWC 2023",MCC,Sparkling
